label	x	y	qtd_mutations	mutations
N	PS51929-COV_N_CTD	68540	43	S254F;P364L;S327L;Q297H;A359T;G243C;T247I;Q296H;T247-;Q254H;T334I;M322I;D343Y;Q255H;S285F;T362I;D348H;V252A;P326L;R319H;S259F;N354T;A267V;S284F;D348Y;P326S;V257A;A359S;T334S;A311V;Q274H;A252V;G321D;P344S;M274I;T362K;G328V;T325I;V350F;T362A;P364S;Q260H;I337F
N	PS51928-COV_N_NTD	746	40	G137R;N48-;T166I;E136Q;D128Y;A119S;N47-;N48H;P80R;K127R;P148S;T165I;T147I;L139F;E136D;P67L;A152V;L167F;P168S;A55S;P151H;D103Y;P151L;L161F;A90S;P67S;A173V;V72I;T135I;P162H;D81Y;A134V;P142S;G96C;A152S;H145Y;D144Y;A156S;A134S;D103G
N	PS51920-SARS_9B	1	0	
NS7a	PS51919-X4E	4353	4	S82L;S82P;P34S;E16D
NS9b	PS51928-COV_N_NTD	11	0	
NS9b	PS51920-SARS_9B	3	20	V8E;V9M;P10H;H14R;T23A;I24V;M31V;Q33R;G34D;A38V;D39G;Q52P;R60K;N61T;A67D;R68K;S72L;V76A;Q78E;A97V
NSP12	PS00213-LIPOCALIN	96688	1	H593Q
NSP12	PS50507-RDRP_SSRNA_POS	69323	32	T636I;V633I;T627I;G634S;G627S;G641S;G637D;G639S;G637S;V629L;G641C;H639Y;G641D;G633C;G671S;G642S;G648S;G636S;G641V;V633L;M644I;G633V;G634C;A622V;T626I;V621I;G639D;G640S;M644V;G638S;H644Y;N637T
NSP13	PS51657-PSRV_HELICASE	42	3	I570V;K460R;A296S
NSP3	PS00867-CPSASE_2	365992	21	L1226-;K1227-;P1228-;V1229-;V1243I;P1228L;L1244I;T1249I;K1241R;P1245L;T1248I;E1232-;V1233-;V1234-;E1235-;N1236-;P1237-;T1238-;I1239-;S1230A;P1250L
NSP3	PS51154-MACRO	261175	31	E206-;V207-;V190-;Q191-;P192-;Q193-;L194-;E195-;M196-;E197-;L198-;T199-;P200-;V201-;V202-;Q203-;T204-;I205-;V201I;V202I;E189-;Q209H;H295Y;T186-;I187-;V188-;H342Y;A231V;V207L;G307S;D218E
NSP3	PS51940-SARS_NSP3C_N	296730	51	K418E;S415L;K413-;A488S;P402L;T428I;A465V;A496V;L499F;P447S;S415G;A534V;A498S;I441V;F396-;I397-;T398-;E399-;S400-;K401-;P402-;S403-;V404-;E405-;Q406-;R407-;K408-;Q409-;D410-;D411-;K412-;D449Y;P417S;S443G;K444L;P445L;F419L;Q455L;L431F;I483V;G515V;K465R;G489S;P395-;A534T;A416V;A480V;K394-;S403P;L431R;P441L
NSP3	PS51941-BCOV_NSP3C_M	315361	12	Y559H;Y647C;A534V;R649K;E595D;A579V;R646W;T577I;T626I;T611I;S543P;A655V
NSP3	PS51124-PEPTIDASE_C16	122936	16	A890D;Q939L;A894S;-1081Y;P822L;P841L;Y1081-;N844S;P822S;C937-;T820I;P985S;A906D;Q941H;T819I;T1036I
NSP3	PS00639-THIOL_PROTEASE_HIS	1	0	
Spike	PS51922-BCOV_S1_NTD	67740	23	S254F;L176F;A222V;L18F;A227V;S13I;W152C;H69-;V70-;Y145-;H68-;V69-;Y144-;Y146-;S12I;W151C;A226V;P479S;T29I;T95I;D253G;S253F;P479L
Spike	PS51923-COV_S2_HR1	333051	69	S982A;S943P;S939F;L894S;I896L;D936Y;S947I;V952I;F898L;D950H;Q957R;S983A;A903S;F899L;F917L;F929L;V952F;Q895H;A900T;S929T;S944P;A895V;S951P;S952P;D951H;A897V;A892S;F935L;T941I;S947P;I896T;I899T;T945A;G946E;S953P;T897S;F902A;G905A;I896V;A900V;A892V;S946P;I899L;A900G;L966F;A928V;F897L;A900S;G946V;F904L;A901S;A895T;Q895L;T894I;S943F;F898S;K947R;D936H;G895V;A899V;F894L;V987I;F895L;A958S;D940Y;S948P;A904S;I900V;D950-
Spike	PS51924-COV_S2_HR2	346640	86	G1219V;P1143L;D1163Y;G1167V;D1153Y;P1162S;G1219C;Q1208H;S1147L;V1176F;P1162L;E1188A;D1146H;Q1201K;P1143S;D1147H;L1200F;Q1201H;N1192H;I1216T;D1144H;Q1142R;D1163H;L1141F;E1151D;D1149H;S1154F;A1174S;E1202K;L1203F;D1153G;Y1155F;G1171V;V1150L;P1162R;E1202G;N1192T;T1136A;N1192D;H1159R;V1177I;E1144Q;D1141H;K1205R;L1141W;G1223S;G1167A;D1168G;E1207D;K1149R;E1202D;Q1142L;D1199Y;D1163V;R1185H;G1219S;K1181R;D1165Y;G1169V;D1145G;F898L;D1118H;P1143R;V1189F;E1195D;E1202Q;H1159L;E1150D;L1224F;D1146Y;N1178D;P1196S;N1187T;L1224S;L1197I;M1229I;I1216V;Q1154E;W1212C;R1185C;P1162T;D1176Y;G1180V;E1188D;D1192Y;G1196V
Spike	PS51921-BCOV_S1_CTD	206180	84	L452R;N501Y;N439K;E484K;N501T;F486L;Y508H;D614G;V483A;A570D;E484Q;T478K;N440K;K417T;L451R;N500Y;P375L;L452M;Y453F;N334Y;N334S;G446V;S349P;F490L;I332T;S494P;F490S;N438K;I332V;L469R;A520S;V483L;E484G;Q493L;P357S;T478R;E483K;S493P;P426S;Q414K;N450K;S494L;A577D;A578D;T477K;A522S;I359T;E516Q;N334I;P353S;T333I;G447V;A522P;T333S;T353I;A573D;A475V;N334H;N361H;P355S;L517F;L462R;V483F;I468V;P354S;A581D;P521R;L425V;F356L;A580D;T333K;L457R;V367F;R408I;L441I;F354I;N334K;L468R;N481K;P426L;P499H;L474R;F456L;L472R
Spike	PS01186-EGF_2	16	1	C1247F
Spike	PS00615-C_TYPE_LECTIN_1	4	3	S878C;A879T;L880V
