protein	date	y
NSP4	2020-03-20	0.00
E	2020-03-20	0.00
NS7a	2020-03-20	0.00
NSP5	2020-03-20	0.00
NS7b	2020-03-20	0.00
NSP6	2020-03-20	0.00
NSP7	2020-03-20	0.00
NSP8	2020-03-20	0.00
Spike	2020-03-20	1.00
NSP9	2020-03-20	0.00
NSP10	2020-03-20	0.00
NSP11	2020-03-20	0.00
NSP12	2020-03-20	0.00
M	2020-03-20	0.00
NSP13	2020-03-20	0.00
N	2020-03-20	0.00
NSP14	2020-03-20	0.00
NS3	2020-03-20	0.00
NSP15	2020-03-20	0.00
NSP16	2020-03-20	0.00
NS9b	2020-03-20	0.00
NS6	2020-03-20	0.00
NS9c	2020-03-20	0.00
NSP1	2020-03-20	0.00
NSP2	2020-03-20	0.00
NS8	2020-03-20	0.00
NSP3	2020-03-20	0.00
NSP4	2020-03-21	0.00
E	2020-03-21	0.00
NS7a	2020-03-21	0.00
NSP5	2020-03-21	0.00
NS7b	2020-03-21	0.00
NSP6	2020-03-21	0.00
NSP7	2020-03-21	0.00
NSP8	2020-03-21	0.00
Spike	2020-03-21	1.00
NSP9	2020-03-21	0.00
NSP10	2020-03-21	0.00
NSP11	2020-03-21	0.00
NSP12	2020-03-21	0.00
M	2020-03-21	0.00
NSP13	2020-03-21	0.00
N	2020-03-21	0.00
NSP14	2020-03-21	0.00
NS3	2020-03-21	0.00
NSP15	2020-03-21	0.00
NSP16	2020-03-21	0.00
NS9b	2020-03-21	0.00
NS6	2020-03-21	0.00
NS9c	2020-03-21	0.00
NSP1	2020-03-21	0.00
NSP2	2020-03-21	0.00
NS8	2020-03-21	0.00
NSP3	2020-03-21	0.00
NSP4	2020-03-22	0.00
E	2020-03-22	0.00
NS7a	2020-03-22	0.00
NSP5	2020-03-22	0.00
NS7b	2020-03-22	0.00
NSP6	2020-03-22	0.00
NSP7	2020-03-22	0.00
NSP8	2020-03-22	0.00
Spike	2020-03-22	0.50
NSP9	2020-03-22	0.00
NSP10	2020-03-22	0.00
NSP11	2020-03-22	0.00
NSP12	2020-03-22	0.00
M	2020-03-22	0.00
NSP13	2020-03-22	0.00
N	2020-03-22	0.00
NSP14	2020-03-22	0.00
NS3	2020-03-22	0.00
NSP15	2020-03-22	0.00
NSP16	2020-03-22	0.00
NS9b	2020-03-22	0.00
NS6	2020-03-22	0.00
NS9c	2020-03-22	0.00
NSP1	2020-03-22	0.00
NSP2	2020-03-22	0.00
NS8	2020-03-22	0.00
NSP3	2020-03-22	0.00
NSP4	2020-03-23	0.00
E	2020-03-23	0.00
NS7a	2020-03-23	0.00
NSP5	2020-03-23	0.00
NS7b	2020-03-23	0.00
NSP6	2020-03-23	0.00
NSP7	2020-03-23	0.00
NSP8	2020-03-23	0.00
Spike	2020-03-23	2.00
NSP9	2020-03-23	0.00
NSP10	2020-03-23	0.00
NSP11	2020-03-23	0.00
NSP12	2020-03-23	0.00
M	2020-03-23	0.00
NSP13	2020-03-23	0.00
N	2020-03-23	0.00
NSP14	2020-03-23	0.00
NS3	2020-03-23	0.00
NSP15	2020-03-23	0.00
NSP16	2020-03-23	0.00
NS9b	2020-03-23	0.00
NS6	2020-03-23	0.00
NS9c	2020-03-23	0.00
NSP1	2020-03-23	0.00
NSP2	2020-03-23	0.00
NS8	2020-03-23	0.00
NSP3	2020-03-23	0.00
NSP4	2020-03-24	0.00
E	2020-03-24	0.00
NS7a	2020-03-24	0.00
NSP5	2020-03-24	0.00
NS7b	2020-03-24	0.00
NSP6	2020-03-24	0.00
NSP7	2020-03-24	0.00
NSP8	2020-03-24	0.00
Spike	2020-03-24	1.00
NSP9	2020-03-24	0.00
NSP10	2020-03-24	0.00
NSP11	2020-03-24	0.00
NSP12	2020-03-24	0.00
M	2020-03-24	0.00
NSP13	2020-03-24	0.00
N	2020-03-24	0.00
NSP14	2020-03-24	0.00
NS3	2020-03-24	0.00
NSP15	2020-03-24	0.00
NSP16	2020-03-24	0.00
NS9b	2020-03-24	0.00
NS6	2020-03-24	0.00
NS9c	2020-03-24	0.00
NSP1	2020-03-24	0.00
NSP2	2020-03-24	0.00
NS8	2020-03-24	0.00
NSP3	2020-03-24	0.00
NSP4	2020-04-01	0.00
E	2020-04-01	0.00
NS7a	2020-04-01	0.00
NSP5	2020-04-01	0.00
NS7b	2020-04-01	0.00
NSP6	2020-04-01	0.00
NSP7	2020-04-01	0.00
NSP8	2020-04-01	0.00
Spike	2020-04-01	1.50
NSP9	2020-04-01	0.00
NSP10	2020-04-01	0.00
NSP11	2020-04-01	0.00
NSP12	2020-04-01	0.50
M	2020-04-01	0.00
NSP13	2020-04-01	0.00
N	2020-04-01	0.00
NSP14	2020-04-01	0.00
NS3	2020-04-01	0.00
NSP15	2020-04-01	0.00
NSP16	2020-04-01	0.00
NS9b	2020-04-01	0.00
NS6	2020-04-01	0.00
NS9c	2020-04-01	0.00
NSP1	2020-04-01	0.00
NSP2	2020-04-01	0.00
NS8	2020-04-01	0.00
NSP3	2020-04-01	0.50
NSP4	2020-04-18	0.00
E	2020-04-18	0.00
NS7a	2020-04-18	0.00
NSP5	2020-04-18	0.00
NS7b	2020-04-18	0.00
NSP6	2020-04-18	0.00
NSP7	2020-04-18	0.00
NSP8	2020-04-18	0.00
Spike	2020-04-18	1.00
NSP9	2020-04-18	0.00
NSP10	2020-04-18	0.00
NSP11	2020-04-18	0.00
NSP12	2020-04-18	0.00
M	2020-04-18	0.00
NSP13	2020-04-18	0.00
N	2020-04-18	0.00
NSP14	2020-04-18	0.00
NS3	2020-04-18	0.00
NSP15	2020-04-18	0.00
NSP16	2020-04-18	0.00
NS9b	2020-04-18	0.00
NS6	2020-04-18	0.00
NS9c	2020-04-18	0.00
NSP1	2020-04-18	0.00
NSP2	2020-04-18	0.00
NS8	2020-04-18	0.00
NSP3	2020-04-18	0.00
NSP4	2020-06-07	0.00
E	2020-06-07	0.00
NS7a	2020-06-07	0.00
NSP5	2020-06-07	0.00
NS7b	2020-06-07	0.00
NSP6	2020-06-07	0.00
NSP7	2020-06-07	0.00
NSP8	2020-06-07	0.00
Spike	2020-06-07	0.50
NSP9	2020-06-07	0.00
NSP10	2020-06-07	0.00
NSP11	2020-06-07	0.00
NSP12	2020-06-07	0.00
M	2020-06-07	0.00
NSP13	2020-06-07	0.00
N	2020-06-07	0.00
NSP14	2020-06-07	0.00
NS3	2020-06-07	0.00
NSP15	2020-06-07	0.00
NSP16	2020-06-07	0.00
NS9b	2020-06-07	0.00
NS6	2020-06-07	0.00
NS9c	2020-06-07	0.00
NSP1	2020-06-07	0.00
NSP2	2020-06-07	0.00
NS8	2020-06-07	0.00
NSP3	2020-06-07	0.00
NSP4	2020-07-09	0.00
E	2020-07-09	0.00
NS7a	2020-07-09	0.00
NSP5	2020-07-09	0.00
NS7b	2020-07-09	0.00
NSP6	2020-07-09	0.00
NSP7	2020-07-09	0.00
NSP8	2020-07-09	0.00
Spike	2020-07-09	0.50
NSP9	2020-07-09	0.00
NSP10	2020-07-09	0.00
NSP11	2020-07-09	0.00
NSP12	2020-07-09	0.00
M	2020-07-09	0.00
NSP13	2020-07-09	0.00
N	2020-07-09	0.00
NSP14	2020-07-09	0.00
NS3	2020-07-09	0.00
NSP15	2020-07-09	0.00
NSP16	2020-07-09	0.00
NS9b	2020-07-09	0.00
NS6	2020-07-09	0.00
NS9c	2020-07-09	0.00
NSP1	2020-07-09	0.00
NSP2	2020-07-09	0.00
NS8	2020-07-09	0.00
NSP3	2020-07-09	0.00
NSP4	2020-12-28	0.00
E	2020-12-28	0.00
NS7a	2020-12-28	0.00
NSP5	2020-12-28	0.00
NS7b	2020-12-28	0.00
NSP6	2020-12-28	0.00
NSP7	2020-12-28	0.00
NSP8	2020-12-28	0.00
Spike	2020-12-28	1.50
NSP9	2020-12-28	0.00
NSP10	2020-12-28	0.00
NSP11	2020-12-28	0.00
NSP12	2020-12-28	0.00
M	2020-12-28	0.00
NSP13	2020-12-28	0.00
N	2020-12-28	0.00
NSP14	2020-12-28	0.00
NS3	2020-12-28	0.00
NSP15	2020-12-28	0.00
NSP16	2020-12-28	0.00
NS9b	2020-12-28	0.00
NS6	2020-12-28	0.00
NS9c	2020-12-28	0.00
NSP1	2020-12-28	0.00
NSP2	2020-12-28	0.00
NS8	2020-12-28	0.00
NSP3	2020-12-28	0.00
NSP4	2020-12-29	0.00
E	2020-12-29	0.00
NS7a	2020-12-29	0.00
NSP5	2020-12-29	0.00
NS7b	2020-12-29	0.00
NSP6	2020-12-29	0.00
NSP7	2020-12-29	0.00
NSP8	2020-12-29	0.00
Spike	2020-12-29	1.00
NSP9	2020-12-29	0.00
NSP10	2020-12-29	0.00
NSP11	2020-12-29	0.00
NSP12	2020-12-29	0.00
M	2020-12-29	0.00
NSP13	2020-12-29	0.00
N	2020-12-29	0.00
NSP14	2020-12-29	0.00
NS3	2020-12-29	0.00
NSP15	2020-12-29	0.00
NSP16	2020-12-29	0.00
NS9b	2020-12-29	0.00
NS6	2020-12-29	0.00
NS9c	2020-12-29	0.00
NSP1	2020-12-29	0.00
NSP2	2020-12-29	0.00
NS8	2020-12-29	0.00
NSP3	2020-12-29	0.00
NSP4	2020-12-30	0.00
E	2020-12-30	0.00
NS7a	2020-12-30	0.00
NSP5	2020-12-30	0.00
NS7b	2020-12-30	0.00
NSP6	2020-12-30	0.00
NSP7	2020-12-30	0.00
NSP8	2020-12-30	0.00
Spike	2020-12-30	0.50
NSP9	2020-12-30	0.00
NSP10	2020-12-30	0.00
NSP11	2020-12-30	0.00
NSP12	2020-12-30	0.00
M	2020-12-30	0.00
NSP13	2020-12-30	0.00
N	2020-12-30	0.00
NSP14	2020-12-30	0.00
NS3	2020-12-30	0.00
NSP15	2020-12-30	0.00
NSP16	2020-12-30	0.00
NS9b	2020-12-30	0.00
NS6	2020-12-30	0.00
NS9c	2020-12-30	0.00
NSP1	2020-12-30	0.00
NSP2	2020-12-30	0.00
NS8	2020-12-30	0.00
NSP3	2020-12-30	0.00
NSP4	2020-12-31	0.00
E	2020-12-31	0.00
NS7a	2020-12-31	0.00
NSP5	2020-12-31	0.00
NS7b	2020-12-31	0.00
NSP6	2020-12-31	0.00
NSP7	2020-12-31	0.00
NSP8	2020-12-31	0.00
Spike	2020-12-31	0.50
NSP9	2020-12-31	0.00
NSP10	2020-12-31	0.00
NSP11	2020-12-31	0.00
NSP12	2020-12-31	0.00
M	2020-12-31	0.00
NSP13	2020-12-31	0.00
N	2020-12-31	0.00
NSP14	2020-12-31	0.00
NS3	2020-12-31	0.00
NSP15	2020-12-31	0.00
NSP16	2020-12-31	0.00
NS9b	2020-12-31	0.00
NS6	2020-12-31	0.00
NS9c	2020-12-31	0.00
NSP1	2020-12-31	0.00
NSP2	2020-12-31	0.00
NS8	2020-12-31	0.00
NSP3	2020-12-31	0.00
NSP4	2021-01-03	0.00
E	2021-01-03	0.00
NS7a	2021-01-03	0.00
NSP5	2021-01-03	0.00
NS7b	2021-01-03	0.00
NSP6	2021-01-03	0.00
NSP7	2021-01-03	0.00
NSP8	2021-01-03	0.00
Spike	2021-01-03	1.00
NSP9	2021-01-03	0.00
NSP10	2021-01-03	0.00
NSP11	2021-01-03	0.00
NSP12	2021-01-03	0.00
M	2021-01-03	0.00
NSP13	2021-01-03	0.00
N	2021-01-03	0.00
NSP14	2021-01-03	0.00
NS3	2021-01-03	0.00
NSP15	2021-01-03	0.00
NSP16	2021-01-03	0.00
NS9b	2021-01-03	0.00
NS6	2021-01-03	0.00
NS9c	2021-01-03	0.00
NSP1	2021-01-03	0.00
NSP2	2021-01-03	0.00
NS8	2021-01-03	0.00
NSP3	2021-01-03	0.00
NSP4	2021-01-10	0.00
E	2021-01-10	0.00
NS7a	2021-01-10	0.00
NSP5	2021-01-10	0.00
NS7b	2021-01-10	0.00
NSP6	2021-01-10	0.00
NSP7	2021-01-10	0.00
NSP8	2021-01-10	0.00
Spike	2021-01-10	2.00
NSP9	2021-01-10	0.00
NSP10	2021-01-10	0.00
NSP11	2021-01-10	0.00
NSP12	2021-01-10	0.00
M	2021-01-10	0.00
NSP13	2021-01-10	0.00
N	2021-01-10	0.00
NSP14	2021-01-10	0.00
NS3	2021-01-10	0.00
NSP15	2021-01-10	0.00
NSP16	2021-01-10	0.00
NS9b	2021-01-10	0.00
NS6	2021-01-10	0.00
NS9c	2021-01-10	0.00
NSP1	2021-01-10	0.00
NSP2	2021-01-10	0.00
NS8	2021-01-10	0.00
NSP3	2021-01-10	0.00
NSP4	2021-01-11	0.00
E	2021-01-11	0.00
NS7a	2021-01-11	0.00
NSP5	2021-01-11	0.00
NS7b	2021-01-11	0.00
NSP6	2021-01-11	0.00
NSP7	2021-01-11	0.00
NSP8	2021-01-11	0.00
Spike	2021-01-11	0.50
NSP9	2021-01-11	0.00
NSP10	2021-01-11	0.00
NSP11	2021-01-11	0.00
NSP12	2021-01-11	0.00
M	2021-01-11	0.00
NSP13	2021-01-11	0.00
N	2021-01-11	0.00
NSP14	2021-01-11	0.00
NS3	2021-01-11	0.00
NSP15	2021-01-11	0.00
NSP16	2021-01-11	0.00
NS9b	2021-01-11	0.00
NS6	2021-01-11	0.00
NS9c	2021-01-11	0.00
NSP1	2021-01-11	0.00
NSP2	2021-01-11	0.00
NS8	2021-01-11	0.00
NSP3	2021-01-11	0.00
NSP4	2021-01-12	0.00
E	2021-01-12	0.00
NS7a	2021-01-12	0.00
NSP5	2021-01-12	0.00
NS7b	2021-01-12	0.00
NSP6	2021-01-12	0.00
NSP7	2021-01-12	0.00
NSP8	2021-01-12	0.00
Spike	2021-01-12	1.00
NSP9	2021-01-12	0.00
NSP10	2021-01-12	0.00
NSP11	2021-01-12	0.00
NSP12	2021-01-12	0.00
M	2021-01-12	0.00
NSP13	2021-01-12	0.00
N	2021-01-12	0.00
NSP14	2021-01-12	0.00
NS3	2021-01-12	0.00
NSP15	2021-01-12	0.00
NSP16	2021-01-12	0.00
NS9b	2021-01-12	0.00
NS6	2021-01-12	0.00
NS9c	2021-01-12	0.00
NSP1	2021-01-12	0.00
NSP2	2021-01-12	0.00
NS8	2021-01-12	0.00
NSP3	2021-01-12	0.00
NSP4	2021-01-13	0.00
E	2021-01-13	0.00
NS7a	2021-01-13	0.00
NSP5	2021-01-13	0.00
NS7b	2021-01-13	0.00
NSP6	2021-01-13	0.00
NSP7	2021-01-13	0.00
NSP8	2021-01-13	0.00
Spike	2021-01-13	1.00
NSP9	2021-01-13	0.00
NSP10	2021-01-13	0.00
NSP11	2021-01-13	0.00
NSP12	2021-01-13	0.00
M	2021-01-13	0.00
NSP13	2021-01-13	0.00
N	2021-01-13	0.00
NSP14	2021-01-13	0.00
NS3	2021-01-13	0.00
NSP15	2021-01-13	0.00
NSP16	2021-01-13	0.00
NS9b	2021-01-13	0.00
NS6	2021-01-13	0.00
NS9c	2021-01-13	0.00
NSP1	2021-01-13	0.00
NSP2	2021-01-13	0.00
NS8	2021-01-13	0.00
NSP3	2021-01-13	0.00
NSP4	2021-01-14	0.00
E	2021-01-14	0.00
NS7a	2021-01-14	0.00
NSP5	2021-01-14	0.00
NS7b	2021-01-14	0.00
NSP6	2021-01-14	0.00
NSP7	2021-01-14	0.00
NSP8	2021-01-14	0.00
Spike	2021-01-14	1.00
NSP9	2021-01-14	0.00
NSP10	2021-01-14	0.00
NSP11	2021-01-14	0.00
NSP12	2021-01-14	0.00
M	2021-01-14	0.00
NSP13	2021-01-14	0.00
N	2021-01-14	0.00
NSP14	2021-01-14	0.00
NS3	2021-01-14	0.00
NSP15	2021-01-14	0.00
NSP16	2021-01-14	0.00
NS9b	2021-01-14	0.00
NS6	2021-01-14	0.00
NS9c	2021-01-14	0.00
NSP1	2021-01-14	0.00
NSP2	2021-01-14	0.00
NS8	2021-01-14	0.00
NSP3	2021-01-14	0.00
NSP4	2021-01-16	0.00
E	2021-01-16	0.00
NS7a	2021-01-16	0.00
NSP5	2021-01-16	0.00
NS7b	2021-01-16	0.00
NSP6	2021-01-16	0.00
NSP7	2021-01-16	0.00
NSP8	2021-01-16	0.00
Spike	2021-01-16	1.50
NSP9	2021-01-16	0.00
NSP10	2021-01-16	0.00
NSP11	2021-01-16	0.00
NSP12	2021-01-16	0.00
M	2021-01-16	0.00
NSP13	2021-01-16	0.00
N	2021-01-16	0.00
NSP14	2021-01-16	0.00
NS3	2021-01-16	0.00
NSP15	2021-01-16	0.00
NSP16	2021-01-16	0.00
NS9b	2021-01-16	0.00
NS6	2021-01-16	0.00
NS9c	2021-01-16	0.00
NSP1	2021-01-16	0.00
NSP2	2021-01-16	0.00
NS8	2021-01-16	0.00
NSP3	2021-01-16	0.00
NSP4	2021-01-17	0.00
E	2021-01-17	0.00
NS7a	2021-01-17	0.00
NSP5	2021-01-17	0.00
NS7b	2021-01-17	0.00
NSP6	2021-01-17	0.00
NSP7	2021-01-17	0.00
NSP8	2021-01-17	0.00
Spike	2021-01-17	1.00
NSP9	2021-01-17	0.00
NSP10	2021-01-17	0.00
NSP11	2021-01-17	0.00
NSP12	2021-01-17	0.00
M	2021-01-17	0.00
NSP13	2021-01-17	0.00
N	2021-01-17	0.00
NSP14	2021-01-17	0.00
NS3	2021-01-17	0.00
NSP15	2021-01-17	0.00
NSP16	2021-01-17	0.00
NS9b	2021-01-17	0.00
NS6	2021-01-17	0.00
NS9c	2021-01-17	0.00
NSP1	2021-01-17	0.00
NSP2	2021-01-17	0.00
NS8	2021-01-17	0.00
NSP3	2021-01-17	0.00
NSP4	2021-01-19	0.00
E	2021-01-19	0.00
NS7a	2021-01-19	0.00
NSP5	2021-01-19	0.50
NS7b	2021-01-19	0.00
NSP6	2021-01-19	0.00
NSP7	2021-01-19	0.50
NSP8	2021-01-19	0.00
Spike	2021-01-19	1.50
NSP9	2021-01-19	0.00
NSP10	2021-01-19	0.00
NSP11	2021-01-19	0.00
NSP12	2021-01-19	0.50
M	2021-01-19	0.00
NSP13	2021-01-19	0.00
N	2021-01-19	2.50
NSP14	2021-01-19	0.00
NS3	2021-01-19	0.00
NSP15	2021-01-19	0.00
NSP16	2021-01-19	0.00
NS9b	2021-01-19	0.00
NS6	2021-01-19	0.00
NS9c	2021-01-19	0.00
NSP1	2021-01-19	0.00
NSP2	2021-01-19	0.50
NS8	2021-01-19	0.00
NSP3	2021-01-19	0.00
NSP4	2021-01-21	0.50
E	2021-01-21	0.00
NS7a	2021-01-21	0.00
NSP5	2021-01-21	0.50
NS7b	2021-01-21	0.00
NSP6	2021-01-21	0.00
NSP7	2021-01-21	0.50
NSP8	2021-01-21	0.00
Spike	2021-01-21	2.00
NSP9	2021-01-21	0.00
NSP10	2021-01-21	0.00
NSP11	2021-01-21	0.00
NSP12	2021-01-21	0.50
M	2021-01-21	0.00
NSP13	2021-01-21	0.00
N	2021-01-21	2.00
NSP14	2021-01-21	0.50
NS3	2021-01-21	0.50
NSP15	2021-01-21	0.00
NSP16	2021-01-21	0.00
NS9b	2021-01-21	0.00
NS6	2021-01-21	0.50
NS9c	2021-01-21	0.00
NSP1	2021-01-21	0.00
NSP2	2021-01-21	0.00
NS8	2021-01-21	0.00
NSP3	2021-01-21	1.50
NSP4	2021-01-26	0.00
E	2021-01-26	0.00
NS7a	2021-01-26	0.00
NSP5	2021-01-26	0.00
NS7b	2021-01-26	0.00
NSP6	2021-01-26	0.00
NSP7	2021-01-26	0.00
NSP8	2021-01-26	0.00
Spike	2021-01-26	0.50
NSP9	2021-01-26	0.00
NSP10	2021-01-26	0.00
NSP11	2021-01-26	0.00
NSP12	2021-01-26	0.00
M	2021-01-26	0.00
NSP13	2021-01-26	0.00
N	2021-01-26	0.00
NSP14	2021-01-26	0.00
NS3	2021-01-26	0.00
NSP15	2021-01-26	0.00
NSP16	2021-01-26	0.00
NS9b	2021-01-26	0.00
NS6	2021-01-26	0.00
NS9c	2021-01-26	0.00
NSP1	2021-01-26	0.00
NSP2	2021-01-26	0.00
NS8	2021-01-26	0.00
NSP3	2021-01-26	0.00
NSP4	2021-01-27	0.00
E	2021-01-27	0.00
NS7a	2021-01-27	0.00
NSP5	2021-01-27	0.00
NS7b	2021-01-27	0.00
NSP6	2021-01-27	0.00
NSP7	2021-01-27	0.00
NSP8	2021-01-27	0.00
Spike	2021-01-27	1.00
NSP9	2021-01-27	0.00
NSP10	2021-01-27	0.00
NSP11	2021-01-27	0.00
NSP12	2021-01-27	0.00
M	2021-01-27	0.00
NSP13	2021-01-27	0.00
N	2021-01-27	0.00
NSP14	2021-01-27	0.00
NS3	2021-01-27	0.00
NSP15	2021-01-27	0.00
NSP16	2021-01-27	0.00
NS9b	2021-01-27	0.00
NS6	2021-01-27	0.00
NS9c	2021-01-27	0.00
NSP1	2021-01-27	0.00
NSP2	2021-01-27	0.00
NS8	2021-01-27	0.00
NSP3	2021-01-27	0.00
NSP4	2021-01-28	0.00
E	2021-01-28	0.00
NS7a	2021-01-28	0.00
NSP5	2021-01-28	0.00
NS7b	2021-01-28	0.00
NSP6	2021-01-28	0.00
NSP7	2021-01-28	0.00
NSP8	2021-01-28	0.00
Spike	2021-01-28	1.50
NSP9	2021-01-28	0.00
NSP10	2021-01-28	0.00
NSP11	2021-01-28	0.00
NSP12	2021-01-28	0.00
M	2021-01-28	0.00
NSP13	2021-01-28	0.00
N	2021-01-28	0.00
NSP14	2021-01-28	0.00
NS3	2021-01-28	0.00
NSP15	2021-01-28	0.00
NSP16	2021-01-28	0.00
NS9b	2021-01-28	0.00
NS6	2021-01-28	0.00
NS9c	2021-01-28	0.00
NSP1	2021-01-28	0.00
NSP2	2021-01-28	0.00
NS8	2021-01-28	0.00
NSP3	2021-01-28	0.00
NSP4	2021-01-30	0.00
E	2021-01-30	0.00
NS7a	2021-01-30	0.00
NSP5	2021-01-30	0.00
NS7b	2021-01-30	0.00
NSP6	2021-01-30	0.00
NSP7	2021-01-30	0.00
NSP8	2021-01-30	0.00
Spike	2021-01-30	1.00
NSP9	2021-01-30	0.00
NSP10	2021-01-30	0.00
NSP11	2021-01-30	0.00
NSP12	2021-01-30	0.00
M	2021-01-30	0.00
NSP13	2021-01-30	0.00
N	2021-01-30	0.00
NSP14	2021-01-30	0.00
NS3	2021-01-30	0.00
NSP15	2021-01-30	0.00
NSP16	2021-01-30	0.00
NS9b	2021-01-30	0.00
NS6	2021-01-30	0.00
NS9c	2021-01-30	0.00
NSP1	2021-01-30	0.00
NSP2	2021-01-30	0.00
NS8	2021-01-30	0.00
NSP3	2021-01-30	0.00
NSP4	2021-02-01	0.00
E	2021-02-01	0.00
NS7a	2021-02-01	0.00
NSP5	2021-02-01	0.00
NS7b	2021-02-01	0.00
NSP6	2021-02-01	0.00
NSP7	2021-02-01	0.00
NSP8	2021-02-01	0.00
Spike	2021-02-01	1.00
NSP9	2021-02-01	0.00
NSP10	2021-02-01	0.00
NSP11	2021-02-01	0.00
NSP12	2021-02-01	0.00
M	2021-02-01	0.00
NSP13	2021-02-01	0.00
N	2021-02-01	0.00
NSP14	2021-02-01	0.00
NS3	2021-02-01	0.00
NSP15	2021-02-01	0.00
NSP16	2021-02-01	0.00
NS9b	2021-02-01	0.00
NS6	2021-02-01	0.00
NS9c	2021-02-01	0.00
NSP1	2021-02-01	0.00
NSP2	2021-02-01	0.00
NS8	2021-02-01	0.00
NSP3	2021-02-01	0.00
NSP4	2021-02-03	0.00
E	2021-02-03	0.00
NS7a	2021-02-03	0.00
NSP5	2021-02-03	0.00
NS7b	2021-02-03	0.00
NSP6	2021-02-03	0.00
NSP7	2021-02-03	0.00
NSP8	2021-02-03	0.00
Spike	2021-02-03	1.00
NSP9	2021-02-03	0.00
NSP10	2021-02-03	0.00
NSP11	2021-02-03	0.00
NSP12	2021-02-03	0.00
M	2021-02-03	0.00
NSP13	2021-02-03	0.00
N	2021-02-03	0.00
NSP14	2021-02-03	0.00
NS3	2021-02-03	0.00
NSP15	2021-02-03	0.00
NSP16	2021-02-03	0.00
NS9b	2021-02-03	0.00
NS6	2021-02-03	0.00
NS9c	2021-02-03	0.00
NSP1	2021-02-03	0.00
NSP2	2021-02-03	0.00
NS8	2021-02-03	0.00
NSP3	2021-02-03	0.00
NSP4	2021-02-05	0.00
E	2021-02-05	0.00
NS7a	2021-02-05	0.00
NSP5	2021-02-05	0.00
NS7b	2021-02-05	0.00
NSP6	2021-02-05	0.00
NSP7	2021-02-05	0.00
NSP8	2021-02-05	0.00
Spike	2021-02-05	1.00
NSP9	2021-02-05	0.00
NSP10	2021-02-05	0.00
NSP11	2021-02-05	0.00
NSP12	2021-02-05	0.00
M	2021-02-05	0.00
NSP13	2021-02-05	0.00
N	2021-02-05	0.00
NSP14	2021-02-05	0.00
NS3	2021-02-05	0.00
NSP15	2021-02-05	0.00
NSP16	2021-02-05	0.00
NS9b	2021-02-05	0.00
NS6	2021-02-05	0.00
NS9c	2021-02-05	0.00
NSP1	2021-02-05	0.00
NSP2	2021-02-05	0.00
NS8	2021-02-05	0.00
NSP3	2021-02-05	0.00
NSP4	2021-02-06	0.00
E	2021-02-06	0.00
NS7a	2021-02-06	0.00
NSP5	2021-02-06	0.00
NS7b	2021-02-06	0.00
NSP6	2021-02-06	0.00
NSP7	2021-02-06	0.00
NSP8	2021-02-06	0.00
Spike	2021-02-06	1.00
NSP9	2021-02-06	0.00
NSP10	2021-02-06	0.00
NSP11	2021-02-06	0.00
NSP12	2021-02-06	0.00
M	2021-02-06	0.00
NSP13	2021-02-06	0.00
N	2021-02-06	0.00
NSP14	2021-02-06	0.00
NS3	2021-02-06	0.00
NSP15	2021-02-06	0.00
NSP16	2021-02-06	0.00
NS9b	2021-02-06	0.00
NS6	2021-02-06	0.00
NS9c	2021-02-06	0.00
NSP1	2021-02-06	0.00
NSP2	2021-02-06	0.00
NS8	2021-02-06	0.00
NSP3	2021-02-06	0.00
NSP4	2021-02-07	0.00
E	2021-02-07	0.00
NS7a	2021-02-07	0.00
NSP5	2021-02-07	0.00
NS7b	2021-02-07	0.00
NSP6	2021-02-07	0.00
NSP7	2021-02-07	0.00
NSP8	2021-02-07	0.00
Spike	2021-02-07	2.00
NSP9	2021-02-07	0.00
NSP10	2021-02-07	0.00
NSP11	2021-02-07	0.00
NSP12	2021-02-07	0.00
M	2021-02-07	0.00
NSP13	2021-02-07	0.00
N	2021-02-07	0.00
NSP14	2021-02-07	0.00
NS3	2021-02-07	0.00
NSP15	2021-02-07	0.00
NSP16	2021-02-07	0.00
NS9b	2021-02-07	0.00
NS6	2021-02-07	0.00
NS9c	2021-02-07	0.00
NSP1	2021-02-07	0.00
NSP2	2021-02-07	0.00
NS8	2021-02-07	0.00
NSP3	2021-02-07	0.00
NSP4	2021-02-09	0.00
E	2021-02-09	0.00
NS7a	2021-02-09	0.00
NSP5	2021-02-09	0.00
NS7b	2021-02-09	0.00
NSP6	2021-02-09	0.00
NSP7	2021-02-09	0.00
NSP8	2021-02-09	0.00
Spike	2021-02-09	2.00
NSP9	2021-02-09	0.00
NSP10	2021-02-09	0.00
NSP11	2021-02-09	0.00
NSP12	2021-02-09	0.00
M	2021-02-09	0.00
NSP13	2021-02-09	0.00
N	2021-02-09	0.00
NSP14	2021-02-09	0.00
NS3	2021-02-09	0.00
NSP15	2021-02-09	0.00
NSP16	2021-02-09	0.00
NS9b	2021-02-09	0.00
NS6	2021-02-09	0.00
NS9c	2021-02-09	0.00
NSP1	2021-02-09	0.00
NSP2	2021-02-09	0.00
NS8	2021-02-09	0.00
NSP3	2021-02-09	0.00
NSP4	2021-02-12	0.00
E	2021-02-12	0.00
NS7a	2021-02-12	0.00
NSP5	2021-02-12	0.00
NS7b	2021-02-12	0.00
NSP6	2021-02-12	0.00
NSP7	2021-02-12	0.00
NSP8	2021-02-12	0.00
Spike	2021-02-12	3.00
NSP9	2021-02-12	0.00
NSP10	2021-02-12	0.00
NSP11	2021-02-12	0.00
NSP12	2021-02-12	0.00
M	2021-02-12	0.00
NSP13	2021-02-12	0.00
N	2021-02-12	0.00
NSP14	2021-02-12	0.00
NS3	2021-02-12	0.00
NSP15	2021-02-12	0.00
NSP16	2021-02-12	0.00
NS9b	2021-02-12	0.00
NS6	2021-02-12	0.00
NS9c	2021-02-12	0.00
NSP1	2021-02-12	0.00
NSP2	2021-02-12	0.00
NS8	2021-02-12	0.00
NSP3	2021-02-12	0.00
NSP4	2021-02-14	0.00
E	2021-02-14	0.00
NS7a	2021-02-14	0.00
NSP5	2021-02-14	0.00
NS7b	2021-02-14	0.00
NSP6	2021-02-14	0.00
NSP7	2021-02-14	0.00
NSP8	2021-02-14	0.00
Spike	2021-02-14	1.00
NSP9	2021-02-14	0.00
NSP10	2021-02-14	0.00
NSP11	2021-02-14	0.00
NSP12	2021-02-14	0.00
M	2021-02-14	0.00
NSP13	2021-02-14	0.00
N	2021-02-14	0.00
NSP14	2021-02-14	0.00
NS3	2021-02-14	0.00
NSP15	2021-02-14	0.00
NSP16	2021-02-14	0.00
NS9b	2021-02-14	0.00
NS6	2021-02-14	0.00
NS9c	2021-02-14	0.00
NSP1	2021-02-14	0.00
NSP2	2021-02-14	0.00
NS8	2021-02-14	0.00
NSP3	2021-02-14	0.00
NSP4	2021-02-15	0.00
E	2021-02-15	0.00
NS7a	2021-02-15	0.00
NSP5	2021-02-15	0.00
NS7b	2021-02-15	0.00
NSP6	2021-02-15	0.00
NSP7	2021-02-15	0.00
NSP8	2021-02-15	0.00
Spike	2021-02-15	4.00
NSP9	2021-02-15	0.00
NSP10	2021-02-15	0.00
NSP11	2021-02-15	0.00
NSP12	2021-02-15	0.00
M	2021-02-15	0.00
NSP13	2021-02-15	0.00
N	2021-02-15	0.00
NSP14	2021-02-15	0.00
NS3	2021-02-15	0.00
NSP15	2021-02-15	0.00
NSP16	2021-02-15	0.00
NS9b	2021-02-15	0.00
NS6	2021-02-15	0.00
NS9c	2021-02-15	0.00
NSP1	2021-02-15	0.00
NSP2	2021-02-15	0.00
NS8	2021-02-15	0.00
NSP3	2021-02-15	0.00
NSP4	2021-02-16	0.00
E	2021-02-16	0.00
NS7a	2021-02-16	0.00
NSP5	2021-02-16	0.00
NS7b	2021-02-16	0.00
NSP6	2021-02-16	0.00
NSP7	2021-02-16	0.00
NSP8	2021-02-16	0.00
Spike	2021-02-16	1.00
NSP9	2021-02-16	0.00
NSP10	2021-02-16	0.00
NSP11	2021-02-16	0.00
NSP12	2021-02-16	0.00
M	2021-02-16	0.00
NSP13	2021-02-16	0.00
N	2021-02-16	0.00
NSP14	2021-02-16	0.00
NS3	2021-02-16	0.00
NSP15	2021-02-16	0.00
NSP16	2021-02-16	0.00
NS9b	2021-02-16	0.00
NS6	2021-02-16	0.00
NS9c	2021-02-16	0.00
NSP1	2021-02-16	0.00
NSP2	2021-02-16	0.00
NS8	2021-02-16	0.00
NSP3	2021-02-16	0.00
NSP4	2021-02-17	0.00
E	2021-02-17	0.00
NS7a	2021-02-17	0.00
NSP5	2021-02-17	0.00
NS7b	2021-02-17	0.00
NSP6	2021-02-17	0.00
NSP7	2021-02-17	0.00
NSP8	2021-02-17	0.00
Spike	2021-02-17	3.00
NSP9	2021-02-17	0.00
NSP10	2021-02-17	0.00
NSP11	2021-02-17	0.00
NSP12	2021-02-17	0.00
M	2021-02-17	0.00
NSP13	2021-02-17	0.00
N	2021-02-17	0.00
NSP14	2021-02-17	0.00
NS3	2021-02-17	0.00
NSP15	2021-02-17	0.00
NSP16	2021-02-17	0.00
NS9b	2021-02-17	0.00
NS6	2021-02-17	0.00
NS9c	2021-02-17	0.00
NSP1	2021-02-17	0.00
NSP2	2021-02-17	0.00
NS8	2021-02-17	0.00
NSP3	2021-02-17	0.00
NSP4	2021-02-21	0.00
E	2021-02-21	0.00
NS7a	2021-02-21	0.00
NSP5	2021-02-21	0.00
NS7b	2021-02-21	0.00
NSP6	2021-02-21	0.00
NSP7	2021-02-21	0.00
NSP8	2021-02-21	0.00
Spike	2021-02-21	2.00
NSP9	2021-02-21	0.00
NSP10	2021-02-21	0.00
NSP11	2021-02-21	0.00
NSP12	2021-02-21	0.00
M	2021-02-21	0.00
NSP13	2021-02-21	0.00
N	2021-02-21	0.00
NSP14	2021-02-21	0.00
NS3	2021-02-21	0.00
NSP15	2021-02-21	0.00
NSP16	2021-02-21	0.00
NS9b	2021-02-21	0.00
NS6	2021-02-21	0.00
NS9c	2021-02-21	0.00
NSP1	2021-02-21	0.00
NSP2	2021-02-21	0.00
NS8	2021-02-21	0.00
NSP3	2021-02-21	0.00
NSP4	2021-02-23	0.00
E	2021-02-23	0.00
NS7a	2021-02-23	0.00
NSP5	2021-02-23	0.00
NS7b	2021-02-23	0.00
NSP6	2021-02-23	0.00
NSP7	2021-02-23	0.00
NSP8	2021-02-23	0.00
Spike	2021-02-23	1.00
NSP9	2021-02-23	0.00
NSP10	2021-02-23	0.00
NSP11	2021-02-23	0.00
NSP12	2021-02-23	0.00
M	2021-02-23	0.00
NSP13	2021-02-23	0.00
N	2021-02-23	0.00
NSP14	2021-02-23	0.00
NS3	2021-02-23	0.00
NSP15	2021-02-23	0.00
NSP16	2021-02-23	0.00
NS9b	2021-02-23	0.00
NS6	2021-02-23	0.00
NS9c	2021-02-23	0.00
NSP1	2021-02-23	0.00
NSP2	2021-02-23	0.00
NS8	2021-02-23	0.00
NSP3	2021-02-23	0.00
NSP4	2021-02-24	0.00
E	2021-02-24	0.00
NS7a	2021-02-24	0.00
NSP5	2021-02-24	0.00
NS7b	2021-02-24	0.00
NSP6	2021-02-24	0.00
NSP7	2021-02-24	0.00
NSP8	2021-02-24	0.00
Spike	2021-02-24	2.00
NSP9	2021-02-24	0.00
NSP10	2021-02-24	0.00
NSP11	2021-02-24	0.00
NSP12	2021-02-24	0.00
M	2021-02-24	0.00
NSP13	2021-02-24	0.00
N	2021-02-24	0.00
NSP14	2021-02-24	0.00
NS3	2021-02-24	0.00
NSP15	2021-02-24	0.00
NSP16	2021-02-24	0.00
NS9b	2021-02-24	0.00
NS6	2021-02-24	0.00
NS9c	2021-02-24	0.00
NSP1	2021-02-24	0.00
NSP2	2021-02-24	0.00
NS8	2021-02-24	0.00
NSP3	2021-02-24	0.00
NSP4	2021-02-25	0.00
E	2021-02-25	0.00
NS7a	2021-02-25	0.00
NSP5	2021-02-25	0.00
NS7b	2021-02-25	0.00
NSP6	2021-02-25	0.00
NSP7	2021-02-25	0.00
NSP8	2021-02-25	0.00
Spike	2021-02-25	1.00
NSP9	2021-02-25	0.00
NSP10	2021-02-25	0.00
NSP11	2021-02-25	0.00
NSP12	2021-02-25	0.00
M	2021-02-25	0.00
NSP13	2021-02-25	0.00
N	2021-02-25	0.00
NSP14	2021-02-25	0.00
NS3	2021-02-25	0.00
NSP15	2021-02-25	0.00
NSP16	2021-02-25	0.00
NS9b	2021-02-25	0.00
NS6	2021-02-25	0.00
NS9c	2021-02-25	0.00
NSP1	2021-02-25	0.00
NSP2	2021-02-25	0.00
NS8	2021-02-25	0.00
NSP3	2021-02-25	0.00
NSP4	2021-02-26	0.00
E	2021-02-26	0.00
NS7a	2021-02-26	0.00
NSP5	2021-02-26	0.00
NS7b	2021-02-26	0.00
NSP6	2021-02-26	0.00
NSP7	2021-02-26	0.00
NSP8	2021-02-26	0.00
Spike	2021-02-26	2.00
NSP9	2021-02-26	0.00
NSP10	2021-02-26	0.00
NSP11	2021-02-26	0.00
NSP12	2021-02-26	0.00
M	2021-02-26	0.00
NSP13	2021-02-26	0.00
N	2021-02-26	0.00
NSP14	2021-02-26	0.00
NS3	2021-02-26	0.00
NSP15	2021-02-26	0.00
NSP16	2021-02-26	0.00
NS9b	2021-02-26	0.00
NS6	2021-02-26	0.00
NS9c	2021-02-26	0.00
NSP1	2021-02-26	0.00
NSP2	2021-02-26	0.00
NS8	2021-02-26	0.00
NSP3	2021-02-26	0.00
NSP4	2021-02-28	0.00
E	2021-02-28	0.00
NS7a	2021-02-28	0.00
NSP5	2021-02-28	0.00
NS7b	2021-02-28	0.00
NSP6	2021-02-28	0.00
NSP7	2021-02-28	0.00
NSP8	2021-02-28	0.00
Spike	2021-02-28	2.00
NSP9	2021-02-28	0.00
NSP10	2021-02-28	0.00
NSP11	2021-02-28	0.00
NSP12	2021-02-28	0.00
M	2021-02-28	0.00
NSP13	2021-02-28	0.00
N	2021-02-28	0.00
NSP14	2021-02-28	0.00
NS3	2021-02-28	0.00
NSP15	2021-02-28	0.00
NSP16	2021-02-28	0.00
NS9b	2021-02-28	0.00
NS6	2021-02-28	0.00
NS9c	2021-02-28	0.00
NSP1	2021-02-28	0.00
NSP2	2021-02-28	0.00
NS8	2021-02-28	0.00
NSP3	2021-02-28	0.00
NSP4	2021-03-01	0.00
E	2021-03-01	0.00
NS7a	2021-03-01	0.00
NSP5	2021-03-01	0.00
NS7b	2021-03-01	0.00
NSP6	2021-03-01	0.00
NSP7	2021-03-01	0.00
NSP8	2021-03-01	0.00
Spike	2021-03-01	2.00
NSP9	2021-03-01	0.00
NSP10	2021-03-01	0.00
NSP11	2021-03-01	0.00
NSP12	2021-03-01	0.00
M	2021-03-01	0.00
NSP13	2021-03-01	0.00
N	2021-03-01	0.00
NSP14	2021-03-01	0.00
NS3	2021-03-01	0.00
NSP15	2021-03-01	0.00
NSP16	2021-03-01	0.00
NS9b	2021-03-01	0.00
NS6	2021-03-01	0.00
NS9c	2021-03-01	0.00
NSP1	2021-03-01	0.00
NSP2	2021-03-01	0.00
NS8	2021-03-01	0.00
NSP3	2021-03-01	0.00
NSP4	2021-03-02	0.00
E	2021-03-02	0.00
NS7a	2021-03-02	0.00
NSP5	2021-03-02	0.00
NS7b	2021-03-02	0.00
NSP6	2021-03-02	0.00
NSP7	2021-03-02	0.00
NSP8	2021-03-02	0.00
Spike	2021-03-02	1.00
NSP9	2021-03-02	0.00
NSP10	2021-03-02	0.00
NSP11	2021-03-02	0.00
NSP12	2021-03-02	0.00
M	2021-03-02	0.00
NSP13	2021-03-02	0.00
N	2021-03-02	0.00
NSP14	2021-03-02	0.00
NS3	2021-03-02	0.00
NSP15	2021-03-02	0.00
NSP16	2021-03-02	0.00
NS9b	2021-03-02	0.00
NS6	2021-03-02	0.00
NS9c	2021-03-02	0.00
NSP1	2021-03-02	0.00
NSP2	2021-03-02	0.00
NS8	2021-03-02	0.00
NSP3	2021-03-02	0.00
NSP4	2021-03-03	0.00
E	2021-03-03	0.00
NS7a	2021-03-03	0.00
NSP5	2021-03-03	0.00
NS7b	2021-03-03	0.00
NSP6	2021-03-03	0.00
NSP7	2021-03-03	0.00
NSP8	2021-03-03	0.00
Spike	2021-03-03	1.00
NSP9	2021-03-03	0.00
NSP10	2021-03-03	0.00
NSP11	2021-03-03	0.00
NSP12	2021-03-03	0.00
M	2021-03-03	0.00
NSP13	2021-03-03	0.00
N	2021-03-03	0.00
NSP14	2021-03-03	0.00
NS3	2021-03-03	0.00
NSP15	2021-03-03	0.00
NSP16	2021-03-03	0.00
NS9b	2021-03-03	0.00
NS6	2021-03-03	0.00
NS9c	2021-03-03	0.00
NSP1	2021-03-03	0.00
NSP2	2021-03-03	0.00
NS8	2021-03-03	0.00
NSP3	2021-03-03	0.00
NSP4	2021-03-04	0.00
E	2021-03-04	0.00
NS7a	2021-03-04	0.00
NSP5	2021-03-04	0.00
NS7b	2021-03-04	0.00
NSP6	2021-03-04	0.00
NSP7	2021-03-04	0.00
NSP8	2021-03-04	0.00
Spike	2021-03-04	1.00
NSP9	2021-03-04	0.00
NSP10	2021-03-04	0.00
NSP11	2021-03-04	0.00
NSP12	2021-03-04	0.00
M	2021-03-04	0.00
NSP13	2021-03-04	0.00
N	2021-03-04	0.00
NSP14	2021-03-04	0.00
NS3	2021-03-04	0.00
NSP15	2021-03-04	0.00
NSP16	2021-03-04	0.00
NS9b	2021-03-04	0.00
NS6	2021-03-04	0.00
NS9c	2021-03-04	0.00
NSP1	2021-03-04	0.00
NSP2	2021-03-04	0.00
NS8	2021-03-04	0.00
NSP3	2021-03-04	0.00
NSP4	2021-03-06	0.00
E	2021-03-06	0.00
NS7a	2021-03-06	0.00
NSP5	2021-03-06	0.00
NS7b	2021-03-06	0.00
NSP6	2021-03-06	0.00
NSP7	2021-03-06	0.00
NSP8	2021-03-06	0.00
Spike	2021-03-06	1.00
NSP9	2021-03-06	0.00
NSP10	2021-03-06	0.00
NSP11	2021-03-06	0.00
NSP12	2021-03-06	0.00
M	2021-03-06	0.00
NSP13	2021-03-06	0.00
N	2021-03-06	0.00
NSP14	2021-03-06	0.00
NS3	2021-03-06	0.00
NSP15	2021-03-06	0.00
NSP16	2021-03-06	0.00
NS9b	2021-03-06	0.00
NS6	2021-03-06	0.00
NS9c	2021-03-06	0.00
NSP1	2021-03-06	0.00
NSP2	2021-03-06	0.00
NS8	2021-03-06	0.00
NSP3	2021-03-06	0.00
NSP4	2021-03-07	0.00
E	2021-03-07	0.00
NS7a	2021-03-07	0.00
NSP5	2021-03-07	0.00
NS7b	2021-03-07	0.00
NSP6	2021-03-07	0.00
NSP7	2021-03-07	0.00
NSP8	2021-03-07	0.00
Spike	2021-03-07	2.00
NSP9	2021-03-07	0.00
NSP10	2021-03-07	0.00
NSP11	2021-03-07	0.00
NSP12	2021-03-07	0.00
M	2021-03-07	0.00
NSP13	2021-03-07	0.00
N	2021-03-07	0.00
NSP14	2021-03-07	0.00
NS3	2021-03-07	0.00
NSP15	2021-03-07	0.00
NSP16	2021-03-07	0.00
NS9b	2021-03-07	0.00
NS6	2021-03-07	0.00
NS9c	2021-03-07	0.00
NSP1	2021-03-07	0.00
NSP2	2021-03-07	0.00
NS8	2021-03-07	0.00
NSP3	2021-03-07	0.00
NSP4	2021-03-08	0.00
E	2021-03-08	0.00
NS7a	2021-03-08	0.00
NSP5	2021-03-08	0.00
NS7b	2021-03-08	0.00
NSP6	2021-03-08	0.00
NSP7	2021-03-08	0.00
NSP8	2021-03-08	0.00
Spike	2021-03-08	1.50
NSP9	2021-03-08	0.00
NSP10	2021-03-08	0.00
NSP11	2021-03-08	0.00
NSP12	2021-03-08	0.00
M	2021-03-08	0.00
NSP13	2021-03-08	0.00
N	2021-03-08	0.00
NSP14	2021-03-08	0.00
NS3	2021-03-08	0.00
NSP15	2021-03-08	0.00
NSP16	2021-03-08	0.00
NS9b	2021-03-08	0.00
NS6	2021-03-08	0.00
NS9c	2021-03-08	0.00
NSP1	2021-03-08	0.00
NSP2	2021-03-08	0.00
NS8	2021-03-08	0.00
NSP3	2021-03-08	0.00
NSP4	2021-03-09	0.00
E	2021-03-09	0.00
NS7a	2021-03-09	0.00
NSP5	2021-03-09	0.00
NS7b	2021-03-09	0.00
NSP6	2021-03-09	0.00
NSP7	2021-03-09	0.00
NSP8	2021-03-09	0.00
Spike	2021-03-09	2.00
NSP9	2021-03-09	0.00
NSP10	2021-03-09	0.00
NSP11	2021-03-09	0.00
NSP12	2021-03-09	0.00
M	2021-03-09	0.00
NSP13	2021-03-09	0.00
N	2021-03-09	0.00
NSP14	2021-03-09	0.00
NS3	2021-03-09	0.00
NSP15	2021-03-09	0.00
NSP16	2021-03-09	0.00
NS9b	2021-03-09	0.00
NS6	2021-03-09	0.00
NS9c	2021-03-09	0.00
NSP1	2021-03-09	0.00
NSP2	2021-03-09	0.00
NS8	2021-03-09	0.00
NSP3	2021-03-09	0.00
NSP4	2021-03-10	0.00
E	2021-03-10	0.00
NS7a	2021-03-10	0.00
NSP5	2021-03-10	0.00
NS7b	2021-03-10	0.00
NSP6	2021-03-10	0.00
NSP7	2021-03-10	0.00
NSP8	2021-03-10	0.00
Spike	2021-03-10	3.00
NSP9	2021-03-10	0.00
NSP10	2021-03-10	0.00
NSP11	2021-03-10	0.00
NSP12	2021-03-10	0.00
M	2021-03-10	0.00
NSP13	2021-03-10	0.00
N	2021-03-10	0.00
NSP14	2021-03-10	0.00
NS3	2021-03-10	0.00
NSP15	2021-03-10	0.00
NSP16	2021-03-10	0.00
NS9b	2021-03-10	0.00
NS6	2021-03-10	0.00
NS9c	2021-03-10	0.00
NSP1	2021-03-10	0.00
NSP2	2021-03-10	0.00
NS8	2021-03-10	0.00
NSP3	2021-03-10	0.00
NSP4	2021-03-11	0.00
E	2021-03-11	0.00
NS7a	2021-03-11	0.00
NSP5	2021-03-11	0.00
NS7b	2021-03-11	0.00
NSP6	2021-03-11	0.00
NSP7	2021-03-11	0.00
NSP8	2021-03-11	0.00
Spike	2021-03-11	2.00
NSP9	2021-03-11	0.00
NSP10	2021-03-11	0.00
NSP11	2021-03-11	0.00
NSP12	2021-03-11	0.00
M	2021-03-11	0.00
NSP13	2021-03-11	0.00
N	2021-03-11	0.00
NSP14	2021-03-11	0.00
NS3	2021-03-11	0.00
NSP15	2021-03-11	0.00
NSP16	2021-03-11	0.00
NS9b	2021-03-11	0.00
NS6	2021-03-11	0.00
NS9c	2021-03-11	0.00
NSP1	2021-03-11	0.00
NSP2	2021-03-11	0.00
NS8	2021-03-11	0.00
NSP3	2021-03-11	0.00
NSP4	2021-03-12	0.00
E	2021-03-12	0.00
NS7a	2021-03-12	0.00
NSP5	2021-03-12	0.00
NS7b	2021-03-12	0.00
NSP6	2021-03-12	0.00
NSP7	2021-03-12	0.00
NSP8	2021-03-12	0.00
Spike	2021-03-12	2.00
NSP9	2021-03-12	0.00
NSP10	2021-03-12	0.00
NSP11	2021-03-12	0.00
NSP12	2021-03-12	0.00
M	2021-03-12	0.00
NSP13	2021-03-12	0.00
N	2021-03-12	0.00
NSP14	2021-03-12	0.00
NS3	2021-03-12	0.00
NSP15	2021-03-12	0.00
NSP16	2021-03-12	0.00
NS9b	2021-03-12	0.00
NS6	2021-03-12	0.00
NS9c	2021-03-12	0.00
NSP1	2021-03-12	0.00
NSP2	2021-03-12	0.00
NS8	2021-03-12	0.00
NSP3	2021-03-12	0.00
NSP4	2021-03-13	0.00
E	2021-03-13	0.00
NS7a	2021-03-13	0.00
NSP5	2021-03-13	0.00
NS7b	2021-03-13	0.00
NSP6	2021-03-13	0.00
NSP7	2021-03-13	0.00
NSP8	2021-03-13	0.00
Spike	2021-03-13	2.00
NSP9	2021-03-13	0.00
NSP10	2021-03-13	0.00
NSP11	2021-03-13	0.00
NSP12	2021-03-13	0.00
M	2021-03-13	0.00
NSP13	2021-03-13	0.00
N	2021-03-13	0.00
NSP14	2021-03-13	0.00
NS3	2021-03-13	0.00
NSP15	2021-03-13	0.00
NSP16	2021-03-13	0.00
NS9b	2021-03-13	0.00
NS6	2021-03-13	0.00
NS9c	2021-03-13	0.00
NSP1	2021-03-13	0.00
NSP2	2021-03-13	0.00
NS8	2021-03-13	0.00
NSP3	2021-03-13	0.00
NSP4	2021-03-16	0.00
E	2021-03-16	0.00
NS7a	2021-03-16	0.00
NSP5	2021-03-16	0.00
NS7b	2021-03-16	0.00
NSP6	2021-03-16	0.00
NSP7	2021-03-16	0.00
NSP8	2021-03-16	0.00
Spike	2021-03-16	4.00
NSP9	2021-03-16	0.00
NSP10	2021-03-16	0.00
NSP11	2021-03-16	0.00
NSP12	2021-03-16	0.00
M	2021-03-16	0.00
NSP13	2021-03-16	0.00
N	2021-03-16	0.00
NSP14	2021-03-16	0.00
NS3	2021-03-16	0.00
NSP15	2021-03-16	0.00
NSP16	2021-03-16	0.00
NS9b	2021-03-16	0.00
NS6	2021-03-16	0.00
NS9c	2021-03-16	0.00
NSP1	2021-03-16	0.00
NSP2	2021-03-16	0.00
NS8	2021-03-16	0.00
NSP3	2021-03-16	0.00
NSP4	2021-03-17	0.00
E	2021-03-17	0.00
NS7a	2021-03-17	0.00
NSP5	2021-03-17	0.00
NS7b	2021-03-17	0.00
NSP6	2021-03-17	0.00
NSP7	2021-03-17	0.00
NSP8	2021-03-17	0.00
Spike	2021-03-17	4.00
NSP9	2021-03-17	0.00
NSP10	2021-03-17	0.00
NSP11	2021-03-17	0.00
NSP12	2021-03-17	0.00
M	2021-03-17	0.00
NSP13	2021-03-17	0.00
N	2021-03-17	0.00
NSP14	2021-03-17	0.00
NS3	2021-03-17	0.00
NSP15	2021-03-17	0.00
NSP16	2021-03-17	0.00
NS9b	2021-03-17	0.00
NS6	2021-03-17	0.00
NS9c	2021-03-17	0.00
NSP1	2021-03-17	0.00
NSP2	2021-03-17	0.00
NS8	2021-03-17	0.00
NSP3	2021-03-17	0.00
NSP4	2021-03-18	0.00
E	2021-03-18	0.00
NS7a	2021-03-18	0.00
NSP5	2021-03-18	0.00
NS7b	2021-03-18	0.00
NSP6	2021-03-18	0.00
NSP7	2021-03-18	0.00
NSP8	2021-03-18	0.00
Spike	2021-03-18	2.00
NSP9	2021-03-18	0.00
NSP10	2021-03-18	0.00
NSP11	2021-03-18	0.00
NSP12	2021-03-18	0.00
M	2021-03-18	0.00
NSP13	2021-03-18	0.00
N	2021-03-18	0.00
NSP14	2021-03-18	0.00
NS3	2021-03-18	0.00
NSP15	2021-03-18	0.00
NSP16	2021-03-18	0.00
NS9b	2021-03-18	0.00
NS6	2021-03-18	0.00
NS9c	2021-03-18	0.00
NSP1	2021-03-18	0.00
NSP2	2021-03-18	0.00
NS8	2021-03-18	0.00
NSP3	2021-03-18	0.00
NSP4	2021-03-19	0.00
E	2021-03-19	0.00
NS7a	2021-03-19	0.00
NSP5	2021-03-19	0.00
NS7b	2021-03-19	0.00
NSP6	2021-03-19	0.00
NSP7	2021-03-19	0.00
NSP8	2021-03-19	0.00
Spike	2021-03-19	2.00
NSP9	2021-03-19	0.00
NSP10	2021-03-19	0.00
NSP11	2021-03-19	0.00
NSP12	2021-03-19	0.00
M	2021-03-19	0.00
NSP13	2021-03-19	0.00
N	2021-03-19	0.00
NSP14	2021-03-19	0.00
NS3	2021-03-19	0.00
NSP15	2021-03-19	0.00
NSP16	2021-03-19	0.00
NS9b	2021-03-19	0.00
NS6	2021-03-19	0.00
NS9c	2021-03-19	0.00
NSP1	2021-03-19	0.00
NSP2	2021-03-19	0.00
NS8	2021-03-19	0.00
NSP3	2021-03-19	0.00
NSP4	2021-03-20	0.00
E	2021-03-20	0.00
NS7a	2021-03-20	0.00
NSP5	2021-03-20	0.00
NS7b	2021-03-20	0.00
NSP6	2021-03-20	0.00
NSP7	2021-03-20	0.00
NSP8	2021-03-20	0.00
Spike	2021-03-20	2.00
NSP9	2021-03-20	0.00
NSP10	2021-03-20	0.00
NSP11	2021-03-20	0.00
NSP12	2021-03-20	0.00
M	2021-03-20	0.00
NSP13	2021-03-20	0.00
N	2021-03-20	0.00
NSP14	2021-03-20	0.00
NS3	2021-03-20	0.00
NSP15	2021-03-20	0.00
NSP16	2021-03-20	0.00
NS9b	2021-03-20	0.00
NS6	2021-03-20	0.00
NS9c	2021-03-20	0.00
NSP1	2021-03-20	0.00
NSP2	2021-03-20	0.00
NS8	2021-03-20	0.00
NSP3	2021-03-20	0.00
NSP4	2021-03-21	0.00
E	2021-03-21	0.00
NS7a	2021-03-21	0.00
NSP5	2021-03-21	0.00
NS7b	2021-03-21	0.00
NSP6	2021-03-21	0.00
NSP7	2021-03-21	0.00
NSP8	2021-03-21	0.00
Spike	2021-03-21	2.00
NSP9	2021-03-21	0.00
NSP10	2021-03-21	0.00
NSP11	2021-03-21	0.00
NSP12	2021-03-21	0.00
M	2021-03-21	0.00
NSP13	2021-03-21	0.00
N	2021-03-21	0.00
NSP14	2021-03-21	0.00
NS3	2021-03-21	0.00
NSP15	2021-03-21	0.00
NSP16	2021-03-21	0.00
NS9b	2021-03-21	0.00
NS6	2021-03-21	0.00
NS9c	2021-03-21	0.00
NSP1	2021-03-21	0.00
NSP2	2021-03-21	0.00
NS8	2021-03-21	0.00
NSP3	2021-03-21	0.00
NSP4	2021-03-24	0.00
E	2021-03-24	0.00
NS7a	2021-03-24	0.00
NSP5	2021-03-24	0.00
NS7b	2021-03-24	0.00
NSP6	2021-03-24	0.00
NSP7	2021-03-24	0.00
NSP8	2021-03-24	0.00
Spike	2021-03-24	2.00
NSP9	2021-03-24	0.00
NSP10	2021-03-24	0.00
NSP11	2021-03-24	0.00
NSP12	2021-03-24	0.00
M	2021-03-24	0.00
NSP13	2021-03-24	0.00
N	2021-03-24	0.00
NSP14	2021-03-24	0.00
NS3	2021-03-24	0.00
NSP15	2021-03-24	0.00
NSP16	2021-03-24	0.00
NS9b	2021-03-24	0.00
NS6	2021-03-24	0.00
NS9c	2021-03-24	0.00
NSP1	2021-03-24	0.00
NSP2	2021-03-24	0.00
NS8	2021-03-24	0.00
NSP3	2021-03-24	0.00
NSP4	2021-03-25	0.00
E	2021-03-25	0.00
NS7a	2021-03-25	0.00
NSP5	2021-03-25	0.00
NS7b	2021-03-25	0.00
NSP6	2021-03-25	0.00
NSP7	2021-03-25	0.00
NSP8	2021-03-25	0.00
Spike	2021-03-25	2.50
NSP9	2021-03-25	0.00
NSP10	2021-03-25	0.00
NSP11	2021-03-25	0.00
NSP12	2021-03-25	0.00
M	2021-03-25	0.00
NSP13	2021-03-25	0.00
N	2021-03-25	0.00
NSP14	2021-03-25	0.00
NS3	2021-03-25	0.00
NSP15	2021-03-25	0.00
NSP16	2021-03-25	0.00
NS9b	2021-03-25	0.00
NS6	2021-03-25	0.00
NS9c	2021-03-25	0.00
NSP1	2021-03-25	0.00
NSP2	2021-03-25	0.00
NS8	2021-03-25	0.00
NSP3	2021-03-25	0.00
NSP4	2021-03-26	0.00
E	2021-03-26	0.00
NS7a	2021-03-26	0.00
NSP5	2021-03-26	0.00
NS7b	2021-03-26	0.00
NSP6	2021-03-26	0.00
NSP7	2021-03-26	0.00
NSP8	2021-03-26	0.00
Spike	2021-03-26	5.00
NSP9	2021-03-26	0.00
NSP10	2021-03-26	0.00
NSP11	2021-03-26	0.00
NSP12	2021-03-26	0.00
M	2021-03-26	0.00
NSP13	2021-03-26	0.00
N	2021-03-26	0.00
NSP14	2021-03-26	0.00
NS3	2021-03-26	0.00
NSP15	2021-03-26	0.00
NSP16	2021-03-26	0.00
NS9b	2021-03-26	0.00
NS6	2021-03-26	0.00
NS9c	2021-03-26	0.00
NSP1	2021-03-26	0.00
NSP2	2021-03-26	0.00
NS8	2021-03-26	0.00
NSP3	2021-03-26	0.00
NSP4	2021-03-27	0.00
E	2021-03-27	0.00
NS7a	2021-03-27	0.00
NSP5	2021-03-27	0.00
NS7b	2021-03-27	0.00
NSP6	2021-03-27	0.00
NSP7	2021-03-27	0.00
NSP8	2021-03-27	0.00
Spike	2021-03-27	2.00
NSP9	2021-03-27	0.00
NSP10	2021-03-27	0.00
NSP11	2021-03-27	0.00
NSP12	2021-03-27	0.00
M	2021-03-27	0.00
NSP13	2021-03-27	0.00
N	2021-03-27	0.00
NSP14	2021-03-27	0.00
NS3	2021-03-27	0.00
NSP15	2021-03-27	0.00
NSP16	2021-03-27	0.00
NS9b	2021-03-27	0.00
NS6	2021-03-27	0.00
NS9c	2021-03-27	0.00
NSP1	2021-03-27	0.00
NSP2	2021-03-27	0.00
NS8	2021-03-27	0.00
NSP3	2021-03-27	0.00
NSP4	2021-03-28	0.00
E	2021-03-28	0.00
NS7a	2021-03-28	0.00
NSP5	2021-03-28	0.00
NS7b	2021-03-28	0.00
NSP6	2021-03-28	0.00
NSP7	2021-03-28	0.00
NSP8	2021-03-28	0.00
Spike	2021-03-28	2.50
NSP9	2021-03-28	0.00
NSP10	2021-03-28	0.00
NSP11	2021-03-28	0.00
NSP12	2021-03-28	0.00
M	2021-03-28	0.00
NSP13	2021-03-28	0.00
N	2021-03-28	0.00
NSP14	2021-03-28	0.00
NS3	2021-03-28	0.00
NSP15	2021-03-28	0.00
NSP16	2021-03-28	0.00
NS9b	2021-03-28	0.00
NS6	2021-03-28	0.00
NS9c	2021-03-28	0.00
NSP1	2021-03-28	0.00
NSP2	2021-03-28	0.00
NS8	2021-03-28	0.00
NSP3	2021-03-28	0.00
NSP4	2021-03-30	0.00
E	2021-03-30	0.00
NS7a	2021-03-30	0.00
NSP5	2021-03-30	0.00
NS7b	2021-03-30	0.00
NSP6	2021-03-30	0.00
NSP7	2021-03-30	0.00
NSP8	2021-03-30	0.00
Spike	2021-03-30	3.00
NSP9	2021-03-30	0.00
NSP10	2021-03-30	0.00
NSP11	2021-03-30	0.00
NSP12	2021-03-30	0.00
M	2021-03-30	0.00
NSP13	2021-03-30	0.00
N	2021-03-30	0.00
NSP14	2021-03-30	0.00
NS3	2021-03-30	0.00
NSP15	2021-03-30	0.00
NSP16	2021-03-30	0.00
NS9b	2021-03-30	0.00
NS6	2021-03-30	0.00
NS9c	2021-03-30	0.00
NSP1	2021-03-30	0.00
NSP2	2021-03-30	0.00
NS8	2021-03-30	0.00
NSP3	2021-03-30	0.00
NSP4	2021-03-31	0.00
E	2021-03-31	0.00
NS7a	2021-03-31	0.00
NSP5	2021-03-31	0.00
NS7b	2021-03-31	0.00
NSP6	2021-03-31	0.00
NSP7	2021-03-31	0.00
NSP8	2021-03-31	0.00
Spike	2021-03-31	5.00
NSP9	2021-03-31	0.00
NSP10	2021-03-31	0.00
NSP11	2021-03-31	0.00
NSP12	2021-03-31	0.00
M	2021-03-31	0.00
NSP13	2021-03-31	0.00
N	2021-03-31	0.00
NSP14	2021-03-31	0.00
NS3	2021-03-31	0.00
NSP15	2021-03-31	0.00
NSP16	2021-03-31	0.00
NS9b	2021-03-31	0.00
NS6	2021-03-31	0.00
NS9c	2021-03-31	0.00
NSP1	2021-03-31	0.00
NSP2	2021-03-31	0.00
NS8	2021-03-31	0.00
NSP3	2021-03-31	0.00
NSP4	2021-04-01	0.00
E	2021-04-01	0.00
NS7a	2021-04-01	0.00
NSP5	2021-04-01	0.00
NS7b	2021-04-01	0.00
NSP6	2021-04-01	0.00
NSP7	2021-04-01	0.00
NSP8	2021-04-01	0.00
Spike	2021-04-01	5.00
NSP9	2021-04-01	0.00
NSP10	2021-04-01	0.00
NSP11	2021-04-01	0.00
NSP12	2021-04-01	0.00
M	2021-04-01	0.00
NSP13	2021-04-01	0.00
N	2021-04-01	0.00
NSP14	2021-04-01	0.00
NS3	2021-04-01	0.00
NSP15	2021-04-01	0.00
NSP16	2021-04-01	0.00
NS9b	2021-04-01	0.00
NS6	2021-04-01	0.00
NS9c	2021-04-01	0.00
NSP1	2021-04-01	0.00
NSP2	2021-04-01	0.00
NS8	2021-04-01	0.00
NSP3	2021-04-01	0.00
NSP4	2021-04-03	0.00
E	2021-04-03	0.00
NS7a	2021-04-03	0.00
NSP5	2021-04-03	0.00
NS7b	2021-04-03	0.00
NSP6	2021-04-03	0.00
NSP7	2021-04-03	0.00
NSP8	2021-04-03	0.00
Spike	2021-04-03	5.00
NSP9	2021-04-03	0.00
NSP10	2021-04-03	0.00
NSP11	2021-04-03	0.00
NSP12	2021-04-03	0.00
M	2021-04-03	0.00
NSP13	2021-04-03	0.00
N	2021-04-03	0.00
NSP14	2021-04-03	0.00
NS3	2021-04-03	0.00
NSP15	2021-04-03	0.00
NSP16	2021-04-03	0.00
NS9b	2021-04-03	0.00
NS6	2021-04-03	0.00
NS9c	2021-04-03	0.00
NSP1	2021-04-03	0.00
NSP2	2021-04-03	0.00
NS8	2021-04-03	0.00
NSP3	2021-04-03	0.00
NSP4	2021-04-04	0.00
E	2021-04-04	0.00
NS7a	2021-04-04	0.00
NSP5	2021-04-04	0.00
NS7b	2021-04-04	0.00
NSP6	2021-04-04	0.00
NSP7	2021-04-04	0.00
NSP8	2021-04-04	0.00
Spike	2021-04-04	5.00
NSP9	2021-04-04	0.00
NSP10	2021-04-04	0.00
NSP11	2021-04-04	0.00
NSP12	2021-04-04	0.00
M	2021-04-04	0.00
NSP13	2021-04-04	0.00
N	2021-04-04	0.00
NSP14	2021-04-04	0.00
NS3	2021-04-04	0.00
NSP15	2021-04-04	0.00
NSP16	2021-04-04	0.00
NS9b	2021-04-04	0.00
NS6	2021-04-04	0.00
NS9c	2021-04-04	0.00
NSP1	2021-04-04	0.00
NSP2	2021-04-04	0.00
NS8	2021-04-04	0.00
NSP3	2021-04-04	0.00
NSP4	2021-04-05	0.00
E	2021-04-05	0.00
NS7a	2021-04-05	0.00
NSP5	2021-04-05	0.00
NS7b	2021-04-05	0.00
NSP6	2021-04-05	0.00
NSP7	2021-04-05	0.00
NSP8	2021-04-05	0.00
Spike	2021-04-05	5.00
NSP9	2021-04-05	0.00
NSP10	2021-04-05	0.00
NSP11	2021-04-05	0.00
NSP12	2021-04-05	0.00
M	2021-04-05	0.00
NSP13	2021-04-05	0.00
N	2021-04-05	0.00
NSP14	2021-04-05	0.00
NS3	2021-04-05	0.00
NSP15	2021-04-05	0.00
NSP16	2021-04-05	0.00
NS9b	2021-04-05	0.00
NS6	2021-04-05	0.00
NS9c	2021-04-05	0.00
NSP1	2021-04-05	0.00
NSP2	2021-04-05	0.00
NS8	2021-04-05	0.00
NSP3	2021-04-05	0.00
NSP4	2021-04-06	0.00
E	2021-04-06	0.00
NS7a	2021-04-06	0.00
NSP5	2021-04-06	0.00
NS7b	2021-04-06	0.00
NSP6	2021-04-06	0.00
NSP7	2021-04-06	0.00
NSP8	2021-04-06	0.00
Spike	2021-04-06	4.00
NSP9	2021-04-06	0.00
NSP10	2021-04-06	0.00
NSP11	2021-04-06	0.00
NSP12	2021-04-06	0.00
M	2021-04-06	0.00
NSP13	2021-04-06	0.00
N	2021-04-06	0.00
NSP14	2021-04-06	0.00
NS3	2021-04-06	0.00
NSP15	2021-04-06	0.00
NSP16	2021-04-06	0.00
NS9b	2021-04-06	0.00
NS6	2021-04-06	0.00
NS9c	2021-04-06	0.00
NSP1	2021-04-06	0.00
NSP2	2021-04-06	0.00
NS8	2021-04-06	0.00
NSP3	2021-04-06	0.00
NSP4	2021-04-07	0.00
E	2021-04-07	0.00
NS7a	2021-04-07	0.00
NSP5	2021-04-07	0.00
NS7b	2021-04-07	0.00
NSP6	2021-04-07	0.00
NSP7	2021-04-07	0.00
NSP8	2021-04-07	0.00
Spike	2021-04-07	2.50
NSP9	2021-04-07	0.00
NSP10	2021-04-07	0.00
NSP11	2021-04-07	0.00
NSP12	2021-04-07	0.00
M	2021-04-07	0.00
NSP13	2021-04-07	0.00
N	2021-04-07	0.00
NSP14	2021-04-07	0.00
NS3	2021-04-07	0.00
NSP15	2021-04-07	0.00
NSP16	2021-04-07	0.00
NS9b	2021-04-07	0.00
NS6	2021-04-07	0.00
NS9c	2021-04-07	0.00
NSP1	2021-04-07	0.00
NSP2	2021-04-07	0.00
NS8	2021-04-07	0.00
NSP3	2021-04-07	0.00
NSP4	2021-04-08	0.00
E	2021-04-08	0.00
NS7a	2021-04-08	0.00
NSP5	2021-04-08	0.00
NS7b	2021-04-08	0.00
NSP6	2021-04-08	0.00
NSP7	2021-04-08	0.00
NSP8	2021-04-08	0.00
Spike	2021-04-08	5.00
NSP9	2021-04-08	0.00
NSP10	2021-04-08	0.00
NSP11	2021-04-08	0.00
NSP12	2021-04-08	0.00
M	2021-04-08	0.00
NSP13	2021-04-08	0.00
N	2021-04-08	0.00
NSP14	2021-04-08	0.00
NS3	2021-04-08	0.00
NSP15	2021-04-08	0.00
NSP16	2021-04-08	0.00
NS9b	2021-04-08	0.00
NS6	2021-04-08	0.00
NS9c	2021-04-08	0.00
NSP1	2021-04-08	0.00
NSP2	2021-04-08	0.00
NS8	2021-04-08	0.00
NSP3	2021-04-08	0.00
NSP4	2021-04-09	0.00
E	2021-04-09	0.00
NS7a	2021-04-09	0.00
NSP5	2021-04-09	0.00
NS7b	2021-04-09	0.00
NSP6	2021-04-09	0.00
NSP7	2021-04-09	0.00
NSP8	2021-04-09	0.00
Spike	2021-04-09	4.50
NSP9	2021-04-09	0.00
NSP10	2021-04-09	0.00
NSP11	2021-04-09	0.00
NSP12	2021-04-09	0.00
M	2021-04-09	0.00
NSP13	2021-04-09	0.00
N	2021-04-09	0.00
NSP14	2021-04-09	0.00
NS3	2021-04-09	0.00
NSP15	2021-04-09	0.00
NSP16	2021-04-09	0.00
NS9b	2021-04-09	0.00
NS6	2021-04-09	0.00
NS9c	2021-04-09	0.00
NSP1	2021-04-09	0.00
NSP2	2021-04-09	0.00
NS8	2021-04-09	0.00
NSP3	2021-04-09	0.00
NSP4	2021-04-10	0.00
E	2021-04-10	0.00
NS7a	2021-04-10	0.00
NSP5	2021-04-10	0.00
NS7b	2021-04-10	0.00
NSP6	2021-04-10	0.00
NSP7	2021-04-10	0.00
NSP8	2021-04-10	0.00
Spike	2021-04-10	5.00
NSP9	2021-04-10	0.00
NSP10	2021-04-10	0.00
NSP11	2021-04-10	0.00
NSP12	2021-04-10	0.00
M	2021-04-10	0.00
NSP13	2021-04-10	0.00
N	2021-04-10	0.00
NSP14	2021-04-10	0.00
NS3	2021-04-10	0.00
NSP15	2021-04-10	0.00
NSP16	2021-04-10	0.00
NS9b	2021-04-10	0.00
NS6	2021-04-10	0.00
NS9c	2021-04-10	0.00
NSP1	2021-04-10	0.00
NSP2	2021-04-10	0.00
NS8	2021-04-10	0.00
NSP3	2021-04-10	0.00
NSP4	2021-04-11	0.00
E	2021-04-11	0.00
NS7a	2021-04-11	0.00
NSP5	2021-04-11	0.00
NS7b	2021-04-11	0.00
NSP6	2021-04-11	0.00
NSP7	2021-04-11	0.00
NSP8	2021-04-11	0.00
Spike	2021-04-11	1.00
NSP9	2021-04-11	0.00
NSP10	2021-04-11	0.00
NSP11	2021-04-11	0.00
NSP12	2021-04-11	0.00
M	2021-04-11	0.00
NSP13	2021-04-11	0.00
N	2021-04-11	0.00
NSP14	2021-04-11	0.00
NS3	2021-04-11	0.00
NSP15	2021-04-11	0.00
NSP16	2021-04-11	0.00
NS9b	2021-04-11	0.00
NS6	2021-04-11	0.00
NS9c	2021-04-11	0.00
NSP1	2021-04-11	0.00
NSP2	2021-04-11	0.00
NS8	2021-04-11	0.00
NSP3	2021-04-11	0.00
NSP4	2021-04-12	0.00
E	2021-04-12	0.00
NS7a	2021-04-12	0.00
NSP5	2021-04-12	0.00
NS7b	2021-04-12	0.00
NSP6	2021-04-12	0.00
NSP7	2021-04-12	0.00
NSP8	2021-04-12	0.00
Spike	2021-04-12	2.50
NSP9	2021-04-12	0.00
NSP10	2021-04-12	0.00
NSP11	2021-04-12	0.00
NSP12	2021-04-12	0.00
M	2021-04-12	0.00
NSP13	2021-04-12	0.00
N	2021-04-12	0.00
NSP14	2021-04-12	0.00
NS3	2021-04-12	0.00
NSP15	2021-04-12	0.00
NSP16	2021-04-12	0.00
NS9b	2021-04-12	0.00
NS6	2021-04-12	0.00
NS9c	2021-04-12	0.00
NSP1	2021-04-12	0.00
NSP2	2021-04-12	0.00
NS8	2021-04-12	0.00
NSP3	2021-04-12	0.00
NSP4	2021-04-13	0.00
E	2021-04-13	0.00
NS7a	2021-04-13	0.00
NSP5	2021-04-13	0.00
NS7b	2021-04-13	0.00
NSP6	2021-04-13	0.00
NSP7	2021-04-13	0.00
NSP8	2021-04-13	0.00
Spike	2021-04-13	3.50
NSP9	2021-04-13	0.00
NSP10	2021-04-13	0.00
NSP11	2021-04-13	0.00
NSP12	2021-04-13	0.00
M	2021-04-13	0.00
NSP13	2021-04-13	0.00
N	2021-04-13	0.00
NSP14	2021-04-13	0.00
NS3	2021-04-13	0.00
NSP15	2021-04-13	0.00
NSP16	2021-04-13	0.00
NS9b	2021-04-13	0.00
NS6	2021-04-13	0.00
NS9c	2021-04-13	0.00
NSP1	2021-04-13	0.00
NSP2	2021-04-13	0.00
NS8	2021-04-13	0.00
NSP3	2021-04-13	0.00
NSP4	2021-04-14	0.00
E	2021-04-14	0.00
NS7a	2021-04-14	0.00
NSP5	2021-04-14	0.00
NS7b	2021-04-14	0.00
NSP6	2021-04-14	0.00
NSP7	2021-04-14	0.00
NSP8	2021-04-14	0.00
Spike	2021-04-14	1.50
NSP9	2021-04-14	0.00
NSP10	2021-04-14	0.00
NSP11	2021-04-14	0.00
NSP12	2021-04-14	0.00
M	2021-04-14	0.00
NSP13	2021-04-14	0.00
N	2021-04-14	0.00
NSP14	2021-04-14	0.00
NS3	2021-04-14	0.00
NSP15	2021-04-14	0.00
NSP16	2021-04-14	0.00
NS9b	2021-04-14	0.00
NS6	2021-04-14	0.00
NS9c	2021-04-14	0.00
NSP1	2021-04-14	0.00
NSP2	2021-04-14	0.00
NS8	2021-04-14	0.00
NSP3	2021-04-14	0.00
NSP4	2021-04-15	0.00
E	2021-04-15	0.00
NS7a	2021-04-15	0.00
NSP5	2021-04-15	0.00
NS7b	2021-04-15	0.00
NSP6	2021-04-15	0.00
NSP7	2021-04-15	0.00
NSP8	2021-04-15	0.00
Spike	2021-04-15	1.00
NSP9	2021-04-15	0.00
NSP10	2021-04-15	0.00
NSP11	2021-04-15	0.00
NSP12	2021-04-15	0.00
M	2021-04-15	0.00
NSP13	2021-04-15	0.00
N	2021-04-15	0.00
NSP14	2021-04-15	0.00
NS3	2021-04-15	0.00
NSP15	2021-04-15	0.00
NSP16	2021-04-15	0.00
NS9b	2021-04-15	0.00
NS6	2021-04-15	0.00
NS9c	2021-04-15	0.00
NSP1	2021-04-15	0.00
NSP2	2021-04-15	0.00
NS8	2021-04-15	0.00
NSP3	2021-04-15	0.00
NSP4	2021-04-16	0.00
E	2021-04-16	0.00
NS7a	2021-04-16	0.00
NSP5	2021-04-16	0.00
NS7b	2021-04-16	0.00
NSP6	2021-04-16	0.00
NSP7	2021-04-16	0.00
NSP8	2021-04-16	0.00
Spike	2021-04-16	5.00
NSP9	2021-04-16	0.00
NSP10	2021-04-16	0.00
NSP11	2021-04-16	0.00
NSP12	2021-04-16	0.00
M	2021-04-16	0.00
NSP13	2021-04-16	0.00
N	2021-04-16	0.00
NSP14	2021-04-16	0.00
NS3	2021-04-16	0.00
NSP15	2021-04-16	0.00
NSP16	2021-04-16	0.00
NS9b	2021-04-16	0.00
NS6	2021-04-16	0.00
NS9c	2021-04-16	0.00
NSP1	2021-04-16	0.00
NSP2	2021-04-16	0.00
NS8	2021-04-16	0.00
NSP3	2021-04-16	0.00
NSP4	2021-04-17	0.00
E	2021-04-17	0.00
NS7a	2021-04-17	0.00
NSP5	2021-04-17	0.00
NS7b	2021-04-17	0.00
NSP6	2021-04-17	0.00
NSP7	2021-04-17	0.00
NSP8	2021-04-17	0.00
Spike	2021-04-17	5.00
NSP9	2021-04-17	0.00
NSP10	2021-04-17	0.00
NSP11	2021-04-17	0.00
NSP12	2021-04-17	0.00
M	2021-04-17	0.00
NSP13	2021-04-17	0.00
N	2021-04-17	0.00
NSP14	2021-04-17	0.00
NS3	2021-04-17	0.00
NSP15	2021-04-17	0.00
NSP16	2021-04-17	0.00
NS9b	2021-04-17	0.00
NS6	2021-04-17	0.00
NS9c	2021-04-17	0.00
NSP1	2021-04-17	0.00
NSP2	2021-04-17	0.00
NS8	2021-04-17	0.00
NSP3	2021-04-17	0.00
NSP4	2021-04-18	0.00
E	2021-04-18	0.00
NS7a	2021-04-18	0.00
NSP5	2021-04-18	0.00
NS7b	2021-04-18	0.00
NSP6	2021-04-18	0.00
NSP7	2021-04-18	0.00
NSP8	2021-04-18	0.00
Spike	2021-04-18	5.00
NSP9	2021-04-18	0.00
NSP10	2021-04-18	0.00
NSP11	2021-04-18	0.00
NSP12	2021-04-18	0.00
M	2021-04-18	0.00
NSP13	2021-04-18	0.00
N	2021-04-18	0.00
NSP14	2021-04-18	0.00
NS3	2021-04-18	0.00
NSP15	2021-04-18	0.00
NSP16	2021-04-18	0.00
NS9b	2021-04-18	0.00
NS6	2021-04-18	0.00
NS9c	2021-04-18	0.00
NSP1	2021-04-18	0.00
NSP2	2021-04-18	0.00
NS8	2021-04-18	0.00
NSP3	2021-04-18	0.00
NSP4	2021-04-21	0.00
E	2021-04-21	0.00
NS7a	2021-04-21	0.00
NSP5	2021-04-21	0.00
NS7b	2021-04-21	0.00
NSP6	2021-04-21	0.00
NSP7	2021-04-21	0.00
NSP8	2021-04-21	0.00
Spike	2021-04-21	5.00
NSP9	2021-04-21	0.00
NSP10	2021-04-21	0.00
NSP11	2021-04-21	0.00
NSP12	2021-04-21	0.00
M	2021-04-21	0.00
NSP13	2021-04-21	0.00
N	2021-04-21	0.00
NSP14	2021-04-21	0.00
NS3	2021-04-21	0.00
NSP15	2021-04-21	0.00
NSP16	2021-04-21	0.00
NS9b	2021-04-21	0.00
NS6	2021-04-21	0.00
NS9c	2021-04-21	0.00
NSP1	2021-04-21	0.00
NSP2	2021-04-21	0.00
NS8	2021-04-21	0.00
NSP3	2021-04-21	0.00
NSP4	2021-04-22	0.00
E	2021-04-22	0.00
NS7a	2021-04-22	0.00
NSP5	2021-04-22	0.00
NS7b	2021-04-22	0.00
NSP6	2021-04-22	0.00
NSP7	2021-04-22	0.00
NSP8	2021-04-22	0.00
Spike	2021-04-22	4.00
NSP9	2021-04-22	0.00
NSP10	2021-04-22	0.00
NSP11	2021-04-22	0.00
NSP12	2021-04-22	0.00
M	2021-04-22	0.00
NSP13	2021-04-22	0.00
N	2021-04-22	0.00
NSP14	2021-04-22	0.00
NS3	2021-04-22	0.00
NSP15	2021-04-22	0.00
NSP16	2021-04-22	0.00
NS9b	2021-04-22	0.00
NS6	2021-04-22	0.00
NS9c	2021-04-22	0.00
NSP1	2021-04-22	0.00
NSP2	2021-04-22	0.00
NS8	2021-04-22	0.00
NSP3	2021-04-22	0.00
NSP4	2021-04-23	0.00
E	2021-04-23	0.00
NS7a	2021-04-23	0.00
NSP5	2021-04-23	0.00
NS7b	2021-04-23	0.00
NSP6	2021-04-23	0.00
NSP7	2021-04-23	0.00
NSP8	2021-04-23	0.00
Spike	2021-04-23	4.00
NSP9	2021-04-23	0.00
NSP10	2021-04-23	0.00
NSP11	2021-04-23	0.00
NSP12	2021-04-23	0.00
M	2021-04-23	0.00
NSP13	2021-04-23	0.00
N	2021-04-23	0.00
NSP14	2021-04-23	0.00
NS3	2021-04-23	0.00
NSP15	2021-04-23	0.00
NSP16	2021-04-23	0.00
NS9b	2021-04-23	0.00
NS6	2021-04-23	0.00
NS9c	2021-04-23	0.00
NSP1	2021-04-23	0.00
NSP2	2021-04-23	0.00
NS8	2021-04-23	0.00
NSP3	2021-04-23	0.00
NSP4	2021-04-25	0.00
E	2021-04-25	0.00
NS7a	2021-04-25	0.00
NSP5	2021-04-25	0.00
NS7b	2021-04-25	0.00
NSP6	2021-04-25	0.00
NSP7	2021-04-25	0.00
NSP8	2021-04-25	0.00
Spike	2021-04-25	4.00
NSP9	2021-04-25	0.00
NSP10	2021-04-25	0.00
NSP11	2021-04-25	0.00
NSP12	2021-04-25	0.00
M	2021-04-25	0.00
NSP13	2021-04-25	0.00
N	2021-04-25	0.00
NSP14	2021-04-25	0.00
NS3	2021-04-25	0.00
NSP15	2021-04-25	0.00
NSP16	2021-04-25	0.00
NS9b	2021-04-25	0.00
NS6	2021-04-25	0.00
NS9c	2021-04-25	0.00
NSP1	2021-04-25	0.00
NSP2	2021-04-25	0.00
NS8	2021-04-25	0.00
NSP3	2021-04-25	0.00
NSP4	2021-04-26	0.00
E	2021-04-26	0.00
NS7a	2021-04-26	0.00
NSP5	2021-04-26	0.00
NS7b	2021-04-26	0.00
NSP6	2021-04-26	0.00
NSP7	2021-04-26	0.00
NSP8	2021-04-26	0.00
Spike	2021-04-26	4.00
NSP9	2021-04-26	0.00
NSP10	2021-04-26	0.00
NSP11	2021-04-26	0.00
NSP12	2021-04-26	0.00
M	2021-04-26	0.00
NSP13	2021-04-26	0.00
N	2021-04-26	0.00
NSP14	2021-04-26	0.00
NS3	2021-04-26	0.00
NSP15	2021-04-26	0.00
NSP16	2021-04-26	0.00
NS9b	2021-04-26	0.00
NS6	2021-04-26	0.00
NS9c	2021-04-26	0.00
NSP1	2021-04-26	0.00
NSP2	2021-04-26	0.00
NS8	2021-04-26	0.00
NSP3	2021-04-26	0.00
NSP4	2021-04-27	0.00
E	2021-04-27	0.00
NS7a	2021-04-27	0.00
NSP5	2021-04-27	0.00
NS7b	2021-04-27	0.00
NSP6	2021-04-27	0.00
NSP7	2021-04-27	0.00
NSP8	2021-04-27	0.00
Spike	2021-04-27	4.00
NSP9	2021-04-27	0.00
NSP10	2021-04-27	0.00
NSP11	2021-04-27	0.00
NSP12	2021-04-27	0.00
M	2021-04-27	0.00
NSP13	2021-04-27	0.00
N	2021-04-27	0.00
NSP14	2021-04-27	0.00
NS3	2021-04-27	0.00
NSP15	2021-04-27	0.00
NSP16	2021-04-27	0.00
NS9b	2021-04-27	0.00
NS6	2021-04-27	0.00
NS9c	2021-04-27	0.00
NSP1	2021-04-27	0.00
NSP2	2021-04-27	0.00
NS8	2021-04-27	0.00
NSP3	2021-04-27	0.00
NSP4	2021-04-30	0.00
E	2021-04-30	0.00
NS7a	2021-04-30	0.00
NSP5	2021-04-30	0.00
NS7b	2021-04-30	0.00
NSP6	2021-04-30	0.00
NSP7	2021-04-30	0.00
NSP8	2021-04-30	0.00
Spike	2021-04-30	4.00
NSP9	2021-04-30	0.00
NSP10	2021-04-30	0.00
NSP11	2021-04-30	0.00
NSP12	2021-04-30	0.00
M	2021-04-30	0.00
NSP13	2021-04-30	0.00
N	2021-04-30	0.00
NSP14	2021-04-30	0.00
NS3	2021-04-30	0.00
NSP15	2021-04-30	0.00
NSP16	2021-04-30	0.00
NS9b	2021-04-30	0.00
NS6	2021-04-30	0.00
NS9c	2021-04-30	0.00
NSP1	2021-04-30	0.00
NSP2	2021-04-30	0.00
NS8	2021-04-30	0.00
NSP3	2021-04-30	0.00
NSP4	2021-05-01	0.00
E	2021-05-01	0.00
NS7a	2021-05-01	0.00
NSP5	2021-05-01	0.00
NS7b	2021-05-01	0.00
NSP6	2021-05-01	0.00
NSP7	2021-05-01	0.00
NSP8	2021-05-01	0.00
Spike	2021-05-01	4.00
NSP9	2021-05-01	0.00
NSP10	2021-05-01	0.00
NSP11	2021-05-01	0.00
NSP12	2021-05-01	0.00
M	2021-05-01	0.00
NSP13	2021-05-01	0.00
N	2021-05-01	0.00
NSP14	2021-05-01	0.00
NS3	2021-05-01	0.00
NSP15	2021-05-01	0.00
NSP16	2021-05-01	0.00
NS9b	2021-05-01	0.00
NS6	2021-05-01	0.00
NS9c	2021-05-01	0.00
NSP1	2021-05-01	0.00
NSP2	2021-05-01	0.00
NS8	2021-05-01	0.00
NSP3	2021-05-01	0.00
NSP4	2021-05-02	0.00
E	2021-05-02	0.00
NS7a	2021-05-02	0.00
NSP5	2021-05-02	0.00
NS7b	2021-05-02	0.00
NSP6	2021-05-02	0.00
NSP7	2021-05-02	0.00
NSP8	2021-05-02	0.00
Spike	2021-05-02	3.00
NSP9	2021-05-02	0.00
NSP10	2021-05-02	0.00
NSP11	2021-05-02	0.00
NSP12	2021-05-02	0.00
M	2021-05-02	0.00
NSP13	2021-05-02	0.00
N	2021-05-02	0.00
NSP14	2021-05-02	0.00
NS3	2021-05-02	0.00
NSP15	2021-05-02	0.00
NSP16	2021-05-02	0.00
NS9b	2021-05-02	0.00
NS6	2021-05-02	0.00
NS9c	2021-05-02	0.00
NSP1	2021-05-02	0.00
NSP2	2021-05-02	0.00
NS8	2021-05-02	0.00
NSP3	2021-05-02	0.00
NSP4	2021-05-03	0.00
E	2021-05-03	0.00
NS7a	2021-05-03	0.00
NSP5	2021-05-03	0.00
NS7b	2021-05-03	0.00
NSP6	2021-05-03	0.00
NSP7	2021-05-03	0.00
NSP8	2021-05-03	0.00
Spike	2021-05-03	4.00
NSP9	2021-05-03	0.00
NSP10	2021-05-03	0.00
NSP11	2021-05-03	0.00
NSP12	2021-05-03	0.00
M	2021-05-03	0.00
NSP13	2021-05-03	0.00
N	2021-05-03	0.00
NSP14	2021-05-03	0.00
NS3	2021-05-03	0.00
NSP15	2021-05-03	0.00
NSP16	2021-05-03	0.00
NS9b	2021-05-03	0.00
NS6	2021-05-03	0.00
NS9c	2021-05-03	0.00
NSP1	2021-05-03	0.00
NSP2	2021-05-03	0.00
NS8	2021-05-03	0.00
NSP3	2021-05-03	0.00
NSP4	2021-05-04	0.00
E	2021-05-04	0.00
NS7a	2021-05-04	0.00
NSP5	2021-05-04	0.00
NS7b	2021-05-04	0.00
NSP6	2021-05-04	0.00
NSP7	2021-05-04	0.00
NSP8	2021-05-04	0.00
Spike	2021-05-04	3.00
NSP9	2021-05-04	0.00
NSP10	2021-05-04	0.00
NSP11	2021-05-04	0.00
NSP12	2021-05-04	0.00
M	2021-05-04	0.00
NSP13	2021-05-04	0.00
N	2021-05-04	0.00
NSP14	2021-05-04	0.00
NS3	2021-05-04	0.00
NSP15	2021-05-04	0.00
NSP16	2021-05-04	0.00
NS9b	2021-05-04	0.00
NS6	2021-05-04	0.00
NS9c	2021-05-04	0.00
NSP1	2021-05-04	0.00
NSP2	2021-05-04	0.00
NS8	2021-05-04	0.00
NSP3	2021-05-04	0.00
NSP4	2021-05-05	0.00
E	2021-05-05	0.00
NS7a	2021-05-05	0.00
NSP5	2021-05-05	0.00
NS7b	2021-05-05	0.00
NSP6	2021-05-05	0.00
NSP7	2021-05-05	0.00
NSP8	2021-05-05	0.00
Spike	2021-05-05	3.50
NSP9	2021-05-05	0.00
NSP10	2021-05-05	0.00
NSP11	2021-05-05	0.00
NSP12	2021-05-05	0.00
M	2021-05-05	0.00
NSP13	2021-05-05	0.00
N	2021-05-05	0.00
NSP14	2021-05-05	0.00
NS3	2021-05-05	0.00
NSP15	2021-05-05	0.00
NSP16	2021-05-05	0.00
NS9b	2021-05-05	0.00
NS6	2021-05-05	0.00
NS9c	2021-05-05	0.00
NSP1	2021-05-05	0.00
NSP2	2021-05-05	0.00
NS8	2021-05-05	0.00
NSP3	2021-05-05	0.00
NSP4	2021-05-18	0.00
E	2021-05-18	0.00
NS7a	2021-05-18	0.00
NSP5	2021-05-18	0.00
NS7b	2021-05-18	0.00
NSP6	2021-05-18	0.00
NSP7	2021-05-18	0.00
NSP8	2021-05-18	0.00
Spike	2021-05-18	4.00
NSP9	2021-05-18	0.00
NSP10	2021-05-18	0.00
NSP11	2021-05-18	0.00
NSP12	2021-05-18	0.00
M	2021-05-18	0.00
NSP13	2021-05-18	0.00
N	2021-05-18	0.00
NSP14	2021-05-18	0.00
NS3	2021-05-18	0.00
NSP15	2021-05-18	0.00
NSP16	2021-05-18	0.00
NS9b	2021-05-18	0.00
NS6	2021-05-18	0.00
NS9c	2021-05-18	0.00
NSP1	2021-05-18	0.00
NSP2	2021-05-18	0.00
NS8	2021-05-18	0.00
NSP3	2021-05-18	0.00
NSP4	2021-05-20	0.00
E	2021-05-20	0.00
NS7a	2021-05-20	0.00
NSP5	2021-05-20	0.00
NS7b	2021-05-20	0.00
NSP6	2021-05-20	0.00
NSP7	2021-05-20	0.00
NSP8	2021-05-20	0.00
Spike	2021-05-20	2.00
NSP9	2021-05-20	0.00
NSP10	2021-05-20	0.00
NSP11	2021-05-20	0.00
NSP12	2021-05-20	0.00
M	2021-05-20	0.00
NSP13	2021-05-20	0.00
N	2021-05-20	0.00
NSP14	2021-05-20	0.00
NS3	2021-05-20	0.00
NSP15	2021-05-20	0.00
NSP16	2021-05-20	0.00
NS9b	2021-05-20	0.00
NS6	2021-05-20	0.00
NS9c	2021-05-20	0.00
NSP1	2021-05-20	0.00
NSP2	2021-05-20	0.00
NS8	2021-05-20	0.00
NSP3	2021-05-20	0.00
NSP4	2021-05-22	0.00
E	2021-05-22	0.00
NS7a	2021-05-22	0.00
NSP5	2021-05-22	0.00
NS7b	2021-05-22	0.00
NSP6	2021-05-22	0.00
NSP7	2021-05-22	0.00
NSP8	2021-05-22	0.00
Spike	2021-05-22	2.00
NSP9	2021-05-22	0.00
NSP10	2021-05-22	0.00
NSP11	2021-05-22	0.00
NSP12	2021-05-22	0.00
M	2021-05-22	0.00
NSP13	2021-05-22	0.00
N	2021-05-22	0.00
NSP14	2021-05-22	0.00
NS3	2021-05-22	0.00
NSP15	2021-05-22	0.00
NSP16	2021-05-22	0.00
NS9b	2021-05-22	0.00
NS6	2021-05-22	0.00
NS9c	2021-05-22	0.00
NSP1	2021-05-22	0.00
NSP2	2021-05-22	0.00
NS8	2021-05-22	0.00
NSP3	2021-05-22	0.00
NSP4	2021-05-23	0.00
E	2021-05-23	0.00
NS7a	2021-05-23	0.00
NSP5	2021-05-23	0.00
NS7b	2021-05-23	0.00
NSP6	2021-05-23	0.00
NSP7	2021-05-23	0.00
NSP8	2021-05-23	0.00
Spike	2021-05-23	4.00
NSP9	2021-05-23	0.00
NSP10	2021-05-23	0.00
NSP11	2021-05-23	0.00
NSP12	2021-05-23	0.00
M	2021-05-23	0.00
NSP13	2021-05-23	0.00
N	2021-05-23	0.00
NSP14	2021-05-23	0.00
NS3	2021-05-23	0.00
NSP15	2021-05-23	0.00
NSP16	2021-05-23	0.00
NS9b	2021-05-23	0.00
NS6	2021-05-23	0.00
NS9c	2021-05-23	0.00
NSP1	2021-05-23	0.00
NSP2	2021-05-23	0.00
NS8	2021-05-23	0.00
NSP3	2021-05-23	0.00
NSP4	2021-05-24	0.00
E	2021-05-24	0.00
NS7a	2021-05-24	0.00
NSP5	2021-05-24	0.00
NS7b	2021-05-24	0.00
NSP6	2021-05-24	0.00
NSP7	2021-05-24	0.00
NSP8	2021-05-24	0.00
Spike	2021-05-24	4.50
NSP9	2021-05-24	0.00
NSP10	2021-05-24	0.00
NSP11	2021-05-24	0.00
NSP12	2021-05-24	0.00
M	2021-05-24	0.00
NSP13	2021-05-24	0.00
N	2021-05-24	0.00
NSP14	2021-05-24	0.00
NS3	2021-05-24	0.00
NSP15	2021-05-24	0.00
NSP16	2021-05-24	0.00
NS9b	2021-05-24	0.00
NS6	2021-05-24	0.00
NS9c	2021-05-24	0.00
NSP1	2021-05-24	0.00
NSP2	2021-05-24	0.00
NS8	2021-05-24	0.00
NSP3	2021-05-24	0.00
NSP4	2021-05-25	0.00
E	2021-05-25	0.00
NS7a	2021-05-25	0.00
NSP5	2021-05-25	0.00
NS7b	2021-05-25	0.00
NSP6	2021-05-25	0.00
NSP7	2021-05-25	0.00
NSP8	2021-05-25	0.00
Spike	2021-05-25	2.00
NSP9	2021-05-25	0.00
NSP10	2021-05-25	0.00
NSP11	2021-05-25	0.00
NSP12	2021-05-25	0.00
M	2021-05-25	0.00
NSP13	2021-05-25	0.00
N	2021-05-25	0.00
NSP14	2021-05-25	0.00
NS3	2021-05-25	0.00
NSP15	2021-05-25	0.00
NSP16	2021-05-25	0.00
NS9b	2021-05-25	0.00
NS6	2021-05-25	0.00
NS9c	2021-05-25	0.00
NSP1	2021-05-25	0.00
NSP2	2021-05-25	0.00
NS8	2021-05-25	0.00
NSP3	2021-05-25	0.00
NSP4	2021-05-26	0.00
E	2021-05-26	0.00
NS7a	2021-05-26	0.00
NSP5	2021-05-26	0.00
NS7b	2021-05-26	0.00
NSP6	2021-05-26	0.00
NSP7	2021-05-26	0.00
NSP8	2021-05-26	0.00
Spike	2021-05-26	4.00
NSP9	2021-05-26	0.00
NSP10	2021-05-26	0.00
NSP11	2021-05-26	0.00
NSP12	2021-05-26	0.00
M	2021-05-26	0.00
NSP13	2021-05-26	0.00
N	2021-05-26	0.00
NSP14	2021-05-26	0.00
NS3	2021-05-26	0.00
NSP15	2021-05-26	0.00
NSP16	2021-05-26	0.00
NS9b	2021-05-26	0.00
NS6	2021-05-26	0.00
NS9c	2021-05-26	0.00
NSP1	2021-05-26	0.00
NSP2	2021-05-26	0.00
NS8	2021-05-26	0.00
NSP3	2021-05-26	0.00
NSP4	2021-05-29	0.00
E	2021-05-29	0.00
NS7a	2021-05-29	0.00
NSP5	2021-05-29	0.00
NS7b	2021-05-29	0.00
NSP6	2021-05-29	0.00
NSP7	2021-05-29	0.00
NSP8	2021-05-29	0.00
Spike	2021-05-29	3.00
NSP9	2021-05-29	0.00
NSP10	2021-05-29	0.00
NSP11	2021-05-29	0.00
NSP12	2021-05-29	0.00
M	2021-05-29	0.00
NSP13	2021-05-29	0.00
N	2021-05-29	0.00
NSP14	2021-05-29	0.00
NS3	2021-05-29	0.00
NSP15	2021-05-29	0.00
NSP16	2021-05-29	0.00
NS9b	2021-05-29	0.00
NS6	2021-05-29	0.00
NS9c	2021-05-29	0.00
NSP1	2021-05-29	0.00
NSP2	2021-05-29	0.00
NS8	2021-05-29	0.00
NSP3	2021-05-29	0.00
NSP4	2021-05-30	0.00
E	2021-05-30	0.00
NS7a	2021-05-30	0.00
NSP5	2021-05-30	0.00
NS7b	2021-05-30	0.00
NSP6	2021-05-30	0.00
NSP7	2021-05-30	0.00
NSP8	2021-05-30	0.00
Spike	2021-05-30	4.00
NSP9	2021-05-30	0.00
NSP10	2021-05-30	0.00
NSP11	2021-05-30	0.00
NSP12	2021-05-30	0.00
M	2021-05-30	0.00
NSP13	2021-05-30	0.00
N	2021-05-30	0.00
NSP14	2021-05-30	0.00
NS3	2021-05-30	0.00
NSP15	2021-05-30	0.00
NSP16	2021-05-30	0.00
NS9b	2021-05-30	0.00
NS6	2021-05-30	0.00
NS9c	2021-05-30	0.00
NSP1	2021-05-30	0.00
NSP2	2021-05-30	0.00
NS8	2021-05-30	0.00
NSP3	2021-05-30	0.00
NSP4	2021-05-31	0.00
E	2021-05-31	0.00
NS7a	2021-05-31	0.00
NSP5	2021-05-31	0.00
NS7b	2021-05-31	0.00
NSP6	2021-05-31	0.00
NSP7	2021-05-31	0.00
NSP8	2021-05-31	0.00
Spike	2021-05-31	4.00
NSP9	2021-05-31	0.00
NSP10	2021-05-31	0.00
NSP11	2021-05-31	0.00
NSP12	2021-05-31	0.00
M	2021-05-31	0.00
NSP13	2021-05-31	0.00
N	2021-05-31	0.00
NSP14	2021-05-31	0.00
NS3	2021-05-31	0.00
NSP15	2021-05-31	0.00
NSP16	2021-05-31	0.00
NS9b	2021-05-31	0.00
NS6	2021-05-31	0.00
NS9c	2021-05-31	0.00
NSP1	2021-05-31	0.00
NSP2	2021-05-31	0.00
NS8	2021-05-31	0.00
NSP3	2021-05-31	0.00
NSP4	2021-06-01	0.00
E	2021-06-01	0.00
NS7a	2021-06-01	0.00
NSP5	2021-06-01	0.00
NS7b	2021-06-01	0.00
NSP6	2021-06-01	0.00
NSP7	2021-06-01	0.00
NSP8	2021-06-01	0.00
Spike	2021-06-01	5.00
NSP9	2021-06-01	0.00
NSP10	2021-06-01	0.00
NSP11	2021-06-01	0.00
NSP12	2021-06-01	0.00
M	2021-06-01	0.00
NSP13	2021-06-01	0.00
N	2021-06-01	0.00
NSP14	2021-06-01	0.00
NS3	2021-06-01	0.00
NSP15	2021-06-01	0.00
NSP16	2021-06-01	0.00
NS9b	2021-06-01	0.00
NS6	2021-06-01	0.00
NS9c	2021-06-01	0.00
NSP1	2021-06-01	0.00
NSP2	2021-06-01	0.00
NS8	2021-06-01	0.00
NSP3	2021-06-01	0.00
NSP4	2021-06-02	0.00
E	2021-06-02	0.00
NS7a	2021-06-02	0.00
NSP5	2021-06-02	0.00
NS7b	2021-06-02	0.00
NSP6	2021-06-02	0.00
NSP7	2021-06-02	0.00
NSP8	2021-06-02	0.00
Spike	2021-06-02	5.00
NSP9	2021-06-02	0.00
NSP10	2021-06-02	0.00
NSP11	2021-06-02	0.00
NSP12	2021-06-02	0.00
M	2021-06-02	0.00
NSP13	2021-06-02	0.00
N	2021-06-02	0.00
NSP14	2021-06-02	0.00
NS3	2021-06-02	0.00
NSP15	2021-06-02	0.00
NSP16	2021-06-02	0.00
NS9b	2021-06-02	0.00
NS6	2021-06-02	0.00
NS9c	2021-06-02	0.00
NSP1	2021-06-02	0.00
NSP2	2021-06-02	0.00
NS8	2021-06-02	0.00
NSP3	2021-06-02	0.00
NSP4	2021-06-04	0.00
E	2021-06-04	0.00
NS7a	2021-06-04	0.00
NSP5	2021-06-04	0.00
NS7b	2021-06-04	0.00
NSP6	2021-06-04	0.00
NSP7	2021-06-04	0.00
NSP8	2021-06-04	0.00
Spike	2021-06-04	5.00
NSP9	2021-06-04	0.00
NSP10	2021-06-04	0.00
NSP11	2021-06-04	0.00
NSP12	2021-06-04	0.00
M	2021-06-04	0.00
NSP13	2021-06-04	0.00
N	2021-06-04	0.00
NSP14	2021-06-04	0.00
NS3	2021-06-04	0.00
NSP15	2021-06-04	0.00
NSP16	2021-06-04	0.00
NS9b	2021-06-04	0.00
NS6	2021-06-04	0.00
NS9c	2021-06-04	0.00
NSP1	2021-06-04	0.00
NSP2	2021-06-04	0.00
NS8	2021-06-04	0.00
NSP3	2021-06-04	0.00
NSP4	2021-06-05	0.00
E	2021-06-05	0.00
NS7a	2021-06-05	0.00
NSP5	2021-06-05	0.00
NS7b	2021-06-05	0.00
NSP6	2021-06-05	0.00
NSP7	2021-06-05	0.00
NSP8	2021-06-05	0.00
Spike	2021-06-05	4.00
NSP9	2021-06-05	0.00
NSP10	2021-06-05	0.00
NSP11	2021-06-05	0.00
NSP12	2021-06-05	0.00
M	2021-06-05	0.00
NSP13	2021-06-05	0.00
N	2021-06-05	0.00
NSP14	2021-06-05	0.00
NS3	2021-06-05	0.00
NSP15	2021-06-05	0.00
NSP16	2021-06-05	0.00
NS9b	2021-06-05	0.00
NS6	2021-06-05	0.00
NS9c	2021-06-05	0.00
NSP1	2021-06-05	0.00
NSP2	2021-06-05	0.00
NS8	2021-06-05	0.00
NSP3	2021-06-05	0.00
NSP4	2021-06-06	0.00
E	2021-06-06	0.00
NS7a	2021-06-06	0.00
NSP5	2021-06-06	0.00
NS7b	2021-06-06	0.00
NSP6	2021-06-06	0.00
NSP7	2021-06-06	0.00
NSP8	2021-06-06	0.00
Spike	2021-06-06	2.50
NSP9	2021-06-06	0.00
NSP10	2021-06-06	0.00
NSP11	2021-06-06	0.00
NSP12	2021-06-06	0.00
M	2021-06-06	0.00
NSP13	2021-06-06	0.00
N	2021-06-06	0.00
NSP14	2021-06-06	0.00
NS3	2021-06-06	0.00
NSP15	2021-06-06	0.00
NSP16	2021-06-06	0.00
NS9b	2021-06-06	0.00
NS6	2021-06-06	0.00
NS9c	2021-06-06	0.00
NSP1	2021-06-06	0.00
NSP2	2021-06-06	0.00
NS8	2021-06-06	0.00
NSP3	2021-06-06	0.00
NSP4	2021-06-08	0.00
E	2021-06-08	0.00
NS7a	2021-06-08	0.00
NSP5	2021-06-08	0.00
NS7b	2021-06-08	0.00
NSP6	2021-06-08	0.00
NSP7	2021-06-08	0.00
NSP8	2021-06-08	0.00
Spike	2021-06-08	2.50
NSP9	2021-06-08	0.00
NSP10	2021-06-08	0.00
NSP11	2021-06-08	0.00
NSP12	2021-06-08	0.00
M	2021-06-08	0.00
NSP13	2021-06-08	0.00
N	2021-06-08	0.00
NSP14	2021-06-08	0.00
NS3	2021-06-08	0.00
NSP15	2021-06-08	0.00
NSP16	2021-06-08	0.00
NS9b	2021-06-08	0.00
NS6	2021-06-08	0.00
NS9c	2021-06-08	0.00
NSP1	2021-06-08	0.00
NSP2	2021-06-08	0.00
NS8	2021-06-08	0.00
NSP3	2021-06-08	0.00
NSP4	2021-06-09	0.00
E	2021-06-09	0.00
NS7a	2021-06-09	0.00
NSP5	2021-06-09	0.00
NS7b	2021-06-09	0.00
NSP6	2021-06-09	0.00
NSP7	2021-06-09	0.00
NSP8	2021-06-09	0.00
Spike	2021-06-09	5.00
NSP9	2021-06-09	0.00
NSP10	2021-06-09	0.00
NSP11	2021-06-09	0.00
NSP12	2021-06-09	0.00
M	2021-06-09	0.00
NSP13	2021-06-09	0.00
N	2021-06-09	0.00
NSP14	2021-06-09	0.00
NS3	2021-06-09	0.00
NSP15	2021-06-09	0.00
NSP16	2021-06-09	0.00
NS9b	2021-06-09	0.00
NS6	2021-06-09	0.00
NS9c	2021-06-09	0.00
NSP1	2021-06-09	0.00
NSP2	2021-06-09	0.00
NS8	2021-06-09	0.00
NSP3	2021-06-09	0.00
NSP4	2021-06-10	0.00
E	2021-06-10	0.00
NS7a	2021-06-10	0.00
NSP5	2021-06-10	0.00
NS7b	2021-06-10	0.00
NSP6	2021-06-10	0.00
NSP7	2021-06-10	0.00
NSP8	2021-06-10	0.00
Spike	2021-06-10	4.00
NSP9	2021-06-10	0.00
NSP10	2021-06-10	0.00
NSP11	2021-06-10	0.00
NSP12	2021-06-10	0.00
M	2021-06-10	0.00
NSP13	2021-06-10	0.00
N	2021-06-10	0.00
NSP14	2021-06-10	0.00
NS3	2021-06-10	0.00
NSP15	2021-06-10	0.00
NSP16	2021-06-10	0.00
NS9b	2021-06-10	0.00
NS6	2021-06-10	0.00
NS9c	2021-06-10	0.00
NSP1	2021-06-10	0.00
NSP2	2021-06-10	0.00
NS8	2021-06-10	0.00
NSP3	2021-06-10	0.00
NSP4	2021-06-11	0.00
E	2021-06-11	0.00
NS7a	2021-06-11	0.00
NSP5	2021-06-11	0.00
NS7b	2021-06-11	0.00
NSP6	2021-06-11	0.00
NSP7	2021-06-11	0.00
NSP8	2021-06-11	0.00
Spike	2021-06-11	4.50
NSP9	2021-06-11	0.00
NSP10	2021-06-11	0.00
NSP11	2021-06-11	0.00
NSP12	2021-06-11	0.00
M	2021-06-11	0.00
NSP13	2021-06-11	0.00
N	2021-06-11	0.00
NSP14	2021-06-11	0.00
NS3	2021-06-11	0.00
NSP15	2021-06-11	0.00
NSP16	2021-06-11	0.00
NS9b	2021-06-11	0.00
NS6	2021-06-11	0.00
NS9c	2021-06-11	0.00
NSP1	2021-06-11	0.00
NSP2	2021-06-11	0.00
NS8	2021-06-11	0.00
NSP3	2021-06-11	0.00
NSP4	2021-06-15	0.00
E	2021-06-15	0.00
NS7a	2021-06-15	0.00
NSP5	2021-06-15	0.00
NS7b	2021-06-15	0.00
NSP6	2021-06-15	0.00
NSP7	2021-06-15	0.00
NSP8	2021-06-15	0.00
Spike	2021-06-15	8.00
NSP9	2021-06-15	0.00
NSP10	2021-06-15	0.50
NSP11	2021-06-15	0.00
NSP12	2021-06-15	0.50
M	2021-06-15	0.00
NSP13	2021-06-15	0.50
N	2021-06-15	1.50
NSP14	2021-06-15	0.00
NS3	2021-06-15	0.50
NSP15	2021-06-15	0.00
NSP16	2021-06-15	0.00
NS9b	2021-06-15	0.00
NS6	2021-06-15	0.00
NS9c	2021-06-15	0.00
NSP1	2021-06-15	0.00
NSP2	2021-06-15	0.00
NS8	2021-06-15	1.00
NSP3	2021-06-15	1.50
NSP4	2021-06-16	0.00
E	2021-06-16	0.00
NS7a	2021-06-16	0.00
NSP5	2021-06-16	0.00
NS7b	2021-06-16	0.00
NSP6	2021-06-16	0.00
NSP7	2021-06-16	0.00
NSP8	2021-06-16	0.00
Spike	2021-06-16	4.00
NSP9	2021-06-16	0.00
NSP10	2021-06-16	0.00
NSP11	2021-06-16	0.00
NSP12	2021-06-16	0.00
M	2021-06-16	0.00
NSP13	2021-06-16	0.00
N	2021-06-16	0.00
NSP14	2021-06-16	0.00
NS3	2021-06-16	0.00
NSP15	2021-06-16	0.00
NSP16	2021-06-16	0.00
NS9b	2021-06-16	0.00
NS6	2021-06-16	0.00
NS9c	2021-06-16	0.00
NSP1	2021-06-16	0.00
NSP2	2021-06-16	0.00
NS8	2021-06-16	0.00
NSP3	2021-06-16	0.00
NSP4	2021-06-17	0.00
E	2021-06-17	0.00
NS7a	2021-06-17	0.00
NSP5	2021-06-17	0.00
NS7b	2021-06-17	0.00
NSP6	2021-06-17	0.00
NSP7	2021-06-17	0.00
NSP8	2021-06-17	0.00
Spike	2021-06-17	2.50
NSP9	2021-06-17	0.00
NSP10	2021-06-17	0.00
NSP11	2021-06-17	0.00
NSP12	2021-06-17	0.00
M	2021-06-17	0.00
NSP13	2021-06-17	0.00
N	2021-06-17	0.00
NSP14	2021-06-17	0.00
NS3	2021-06-17	0.00
NSP15	2021-06-17	0.00
NSP16	2021-06-17	0.00
NS9b	2021-06-17	0.00
NS6	2021-06-17	0.00
NS9c	2021-06-17	0.00
NSP1	2021-06-17	0.00
NSP2	2021-06-17	0.00
NS8	2021-06-17	0.00
NSP3	2021-06-17	0.00
NSP4	2021-06-18	0.00
E	2021-06-18	0.00
NS7a	2021-06-18	0.00
NSP5	2021-06-18	0.00
NS7b	2021-06-18	0.00
NSP6	2021-06-18	0.00
NSP7	2021-06-18	0.00
NSP8	2021-06-18	0.00
Spike	2021-06-18	4.00
NSP9	2021-06-18	0.00
NSP10	2021-06-18	0.00
NSP11	2021-06-18	0.00
NSP12	2021-06-18	0.00
M	2021-06-18	0.00
NSP13	2021-06-18	0.00
N	2021-06-18	0.00
NSP14	2021-06-18	0.00
NS3	2021-06-18	0.00
NSP15	2021-06-18	0.00
NSP16	2021-06-18	0.00
NS9b	2021-06-18	0.00
NS6	2021-06-18	0.00
NS9c	2021-06-18	0.00
NSP1	2021-06-18	0.00
NSP2	2021-06-18	0.00
NS8	2021-06-18	0.00
NSP3	2021-06-18	0.00
NSP4	2021-06-21	0.00
E	2021-06-21	0.00
NS7a	2021-06-21	0.00
NSP5	2021-06-21	0.00
NS7b	2021-06-21	0.00
NSP6	2021-06-21	0.00
NSP7	2021-06-21	0.00
NSP8	2021-06-21	0.00
Spike	2021-06-21	5.00
NSP9	2021-06-21	0.00
NSP10	2021-06-21	0.00
NSP11	2021-06-21	0.00
NSP12	2021-06-21	0.00
M	2021-06-21	0.00
NSP13	2021-06-21	0.00
N	2021-06-21	0.00
NSP14	2021-06-21	0.00
NS3	2021-06-21	0.00
NSP15	2021-06-21	0.00
NSP16	2021-06-21	0.00
NS9b	2021-06-21	0.00
NS6	2021-06-21	0.00
NS9c	2021-06-21	0.00
NSP1	2021-06-21	0.00
NSP2	2021-06-21	0.00
NS8	2021-06-21	0.00
NSP3	2021-06-21	0.00
NSP4	2021-06-22	0.00
E	2021-06-22	0.00
NS7a	2021-06-22	0.00
NSP5	2021-06-22	0.00
NS7b	2021-06-22	0.00
NSP6	2021-06-22	0.00
NSP7	2021-06-22	0.00
NSP8	2021-06-22	0.00
Spike	2021-06-22	4.00
NSP9	2021-06-22	0.00
NSP10	2021-06-22	0.00
NSP11	2021-06-22	0.00
NSP12	2021-06-22	0.00
M	2021-06-22	0.00
NSP13	2021-06-22	0.00
N	2021-06-22	0.00
NSP14	2021-06-22	0.00
NS3	2021-06-22	0.00
NSP15	2021-06-22	0.00
NSP16	2021-06-22	0.00
NS9b	2021-06-22	0.00
NS6	2021-06-22	0.00
NS9c	2021-06-22	0.00
NSP1	2021-06-22	0.00
NSP2	2021-06-22	0.00
NS8	2021-06-22	0.00
NSP3	2021-06-22	0.00
NSP4	2021-06-23	0.00
E	2021-06-23	0.00
NS7a	2021-06-23	0.00
NSP5	2021-06-23	0.00
NS7b	2021-06-23	0.00
NSP6	2021-06-23	0.00
NSP7	2021-06-23	0.00
NSP8	2021-06-23	0.00
Spike	2021-06-23	4.50
NSP9	2021-06-23	0.00
NSP10	2021-06-23	0.00
NSP11	2021-06-23	0.00
NSP12	2021-06-23	0.00
M	2021-06-23	0.00
NSP13	2021-06-23	0.00
N	2021-06-23	0.00
NSP14	2021-06-23	0.00
NS3	2021-06-23	0.00
NSP15	2021-06-23	0.00
NSP16	2021-06-23	0.00
NS9b	2021-06-23	0.00
NS6	2021-06-23	0.00
NS9c	2021-06-23	0.00
NSP1	2021-06-23	0.00
NSP2	2021-06-23	0.00
NS8	2021-06-23	0.00
NSP3	2021-06-23	0.00
NSP4	2021-06-24	0.00
E	2021-06-24	0.00
NS7a	2021-06-24	0.00
NSP5	2021-06-24	0.00
NS7b	2021-06-24	0.00
NSP6	2021-06-24	0.00
NSP7	2021-06-24	0.00
NSP8	2021-06-24	0.00
Spike	2021-06-24	5.00
NSP9	2021-06-24	0.00
NSP10	2021-06-24	0.00
NSP11	2021-06-24	0.00
NSP12	2021-06-24	0.00
M	2021-06-24	0.00
NSP13	2021-06-24	0.00
N	2021-06-24	0.00
NSP14	2021-06-24	0.00
NS3	2021-06-24	0.00
NSP15	2021-06-24	0.00
NSP16	2021-06-24	0.00
NS9b	2021-06-24	0.00
NS6	2021-06-24	0.00
NS9c	2021-06-24	0.00
NSP1	2021-06-24	0.00
NSP2	2021-06-24	0.00
NS8	2021-06-24	0.00
NSP3	2021-06-24	0.00
NSP4	2021-06-25	0.00
E	2021-06-25	0.00
NS7a	2021-06-25	0.00
NSP5	2021-06-25	0.00
NS7b	2021-06-25	0.00
NSP6	2021-06-25	0.00
NSP7	2021-06-25	0.00
NSP8	2021-06-25	0.00
Spike	2021-06-25	4.00
NSP9	2021-06-25	0.00
NSP10	2021-06-25	0.00
NSP11	2021-06-25	0.00
NSP12	2021-06-25	0.00
M	2021-06-25	0.00
NSP13	2021-06-25	0.00
N	2021-06-25	0.00
NSP14	2021-06-25	0.00
NS3	2021-06-25	0.00
NSP15	2021-06-25	0.00
NSP16	2021-06-25	0.00
NS9b	2021-06-25	0.00
NS6	2021-06-25	0.00
NS9c	2021-06-25	0.00
NSP1	2021-06-25	0.00
NSP2	2021-06-25	0.00
NS8	2021-06-25	0.00
NSP3	2021-06-25	0.00
NSP4	2021-06-27	0.00
E	2021-06-27	0.00
NS7a	2021-06-27	0.00
NSP5	2021-06-27	0.00
NS7b	2021-06-27	0.00
NSP6	2021-06-27	0.00
NSP7	2021-06-27	0.00
NSP8	2021-06-27	0.00
Spike	2021-06-27	4.00
NSP9	2021-06-27	0.00
NSP10	2021-06-27	0.00
NSP11	2021-06-27	0.00
NSP12	2021-06-27	0.00
M	2021-06-27	0.00
NSP13	2021-06-27	0.00
N	2021-06-27	0.00
NSP14	2021-06-27	0.00
NS3	2021-06-27	0.00
NSP15	2021-06-27	0.00
NSP16	2021-06-27	0.00
NS9b	2021-06-27	0.00
NS6	2021-06-27	0.00
NS9c	2021-06-27	0.00
NSP1	2021-06-27	0.00
NSP2	2021-06-27	0.00
NS8	2021-06-27	0.00
NSP3	2021-06-27	0.00
NSP4	2021-06-29	0.00
E	2021-06-29	0.00
NS7a	2021-06-29	0.00
NSP5	2021-06-29	0.00
NS7b	2021-06-29	0.00
NSP6	2021-06-29	0.00
NSP7	2021-06-29	0.00
NSP8	2021-06-29	0.00
Spike	2021-06-29	4.00
NSP9	2021-06-29	0.00
NSP10	2021-06-29	0.00
NSP11	2021-06-29	0.00
NSP12	2021-06-29	0.00
M	2021-06-29	0.00
NSP13	2021-06-29	0.00
N	2021-06-29	0.00
NSP14	2021-06-29	0.00
NS3	2021-06-29	0.00
NSP15	2021-06-29	0.00
NSP16	2021-06-29	0.00
NS9b	2021-06-29	0.00
NS6	2021-06-29	0.00
NS9c	2021-06-29	0.00
NSP1	2021-06-29	0.00
NSP2	2021-06-29	0.00
NS8	2021-06-29	0.00
NSP3	2021-06-29	0.00
NSP4	2021-06-30	0.00
E	2021-06-30	0.00
NS7a	2021-06-30	0.00
NSP5	2021-06-30	0.00
NS7b	2021-06-30	0.00
NSP6	2021-06-30	0.00
NSP7	2021-06-30	0.00
NSP8	2021-06-30	0.00
Spike	2021-06-30	4.00
NSP9	2021-06-30	0.00
NSP10	2021-06-30	0.00
NSP11	2021-06-30	0.00
NSP12	2021-06-30	0.00
M	2021-06-30	0.00
NSP13	2021-06-30	0.00
N	2021-06-30	0.00
NSP14	2021-06-30	0.00
NS3	2021-06-30	0.00
NSP15	2021-06-30	0.00
NSP16	2021-06-30	0.00
NS9b	2021-06-30	0.00
NS6	2021-06-30	0.00
NS9c	2021-06-30	0.00
NSP1	2021-06-30	0.00
NSP2	2021-06-30	0.00
NS8	2021-06-30	0.00
NSP3	2021-06-30	0.00
NSP4	2021-07-01	0.00
E	2021-07-01	0.00
NS7a	2021-07-01	0.00
NSP5	2021-07-01	0.00
NS7b	2021-07-01	0.00
NSP6	2021-07-01	0.00
NSP7	2021-07-01	0.00
NSP8	2021-07-01	0.00
Spike	2021-07-01	4.00
NSP9	2021-07-01	0.00
NSP10	2021-07-01	0.00
NSP11	2021-07-01	0.00
NSP12	2021-07-01	0.00
M	2021-07-01	0.00
NSP13	2021-07-01	0.00
N	2021-07-01	0.00
NSP14	2021-07-01	0.00
NS3	2021-07-01	0.00
NSP15	2021-07-01	0.00
NSP16	2021-07-01	0.00
NS9b	2021-07-01	0.00
NS6	2021-07-01	0.00
NS9c	2021-07-01	0.00
NSP1	2021-07-01	0.00
NSP2	2021-07-01	0.00
NS8	2021-07-01	0.00
NSP3	2021-07-01	0.00
NSP4	2021-07-02	0.00
E	2021-07-02	0.00
NS7a	2021-07-02	0.00
NSP5	2021-07-02	0.00
NS7b	2021-07-02	0.00
NSP6	2021-07-02	0.00
NSP7	2021-07-02	0.00
NSP8	2021-07-02	0.00
Spike	2021-07-02	4.50
NSP9	2021-07-02	0.00
NSP10	2021-07-02	0.00
NSP11	2021-07-02	0.00
NSP12	2021-07-02	0.00
M	2021-07-02	0.00
NSP13	2021-07-02	0.00
N	2021-07-02	0.00
NSP14	2021-07-02	0.00
NS3	2021-07-02	0.00
NSP15	2021-07-02	0.00
NSP16	2021-07-02	0.00
NS9b	2021-07-02	0.00
NS6	2021-07-02	0.00
NS9c	2021-07-02	0.00
NSP1	2021-07-02	0.00
NSP2	2021-07-02	0.00
NS8	2021-07-02	0.00
NSP3	2021-07-02	0.00
NSP4	2021-07-07	0.00
E	2021-07-07	0.00
NS7a	2021-07-07	0.00
NSP5	2021-07-07	0.00
NS7b	2021-07-07	0.00
NSP6	2021-07-07	0.00
NSP7	2021-07-07	0.00
NSP8	2021-07-07	0.00
Spike	2021-07-07	5.00
NSP9	2021-07-07	0.00
NSP10	2021-07-07	0.00
NSP11	2021-07-07	0.00
NSP12	2021-07-07	0.00
M	2021-07-07	0.00
NSP13	2021-07-07	0.00
N	2021-07-07	0.00
NSP14	2021-07-07	0.00
NS3	2021-07-07	0.00
NSP15	2021-07-07	0.00
NSP16	2021-07-07	0.00
NS9b	2021-07-07	0.00
NS6	2021-07-07	0.00
NS9c	2021-07-07	0.00
NSP1	2021-07-07	0.00
NSP2	2021-07-07	0.00
NS8	2021-07-07	0.00
NSP3	2021-07-07	0.00
NSP4	2021-07-08	0.00
E	2021-07-08	0.00
NS7a	2021-07-08	0.00
NSP5	2021-07-08	0.00
NS7b	2021-07-08	0.00
NSP6	2021-07-08	0.00
NSP7	2021-07-08	0.00
NSP8	2021-07-08	0.00
Spike	2021-07-08	4.00
NSP9	2021-07-08	0.00
NSP10	2021-07-08	0.00
NSP11	2021-07-08	0.00
NSP12	2021-07-08	0.00
M	2021-07-08	0.00
NSP13	2021-07-08	0.00
N	2021-07-08	0.00
NSP14	2021-07-08	0.00
NS3	2021-07-08	0.00
NSP15	2021-07-08	0.00
NSP16	2021-07-08	0.00
NS9b	2021-07-08	0.00
NS6	2021-07-08	0.00
NS9c	2021-07-08	0.00
NSP1	2021-07-08	0.00
NSP2	2021-07-08	0.00
NS8	2021-07-08	0.00
NSP3	2021-07-08	0.00
NSP4	2021-07-09	0.00
E	2021-07-09	0.00
NS7a	2021-07-09	0.00
NSP5	2021-07-09	0.00
NS7b	2021-07-09	0.00
NSP6	2021-07-09	0.00
NSP7	2021-07-09	0.00
NSP8	2021-07-09	0.00
Spike	2021-07-09	4.00
NSP9	2021-07-09	0.00
NSP10	2021-07-09	0.00
NSP11	2021-07-09	0.00
NSP12	2021-07-09	0.00
M	2021-07-09	0.00
NSP13	2021-07-09	0.00
N	2021-07-09	0.00
NSP14	2021-07-09	0.00
NS3	2021-07-09	0.00
NSP15	2021-07-09	0.00
NSP16	2021-07-09	0.00
NS9b	2021-07-09	0.00
NS6	2021-07-09	0.00
NS9c	2021-07-09	0.00
NSP1	2021-07-09	0.00
NSP2	2021-07-09	0.00
NS8	2021-07-09	0.00
NSP3	2021-07-09	0.00
NSP4	2021-07-10	0.00
E	2021-07-10	0.00
NS7a	2021-07-10	0.00
NSP5	2021-07-10	0.00
NS7b	2021-07-10	0.00
NSP6	2021-07-10	0.00
NSP7	2021-07-10	0.00
NSP8	2021-07-10	0.00
Spike	2021-07-10	5.00
NSP9	2021-07-10	0.00
NSP10	2021-07-10	0.00
NSP11	2021-07-10	0.00
NSP12	2021-07-10	0.00
M	2021-07-10	0.00
NSP13	2021-07-10	0.00
N	2021-07-10	0.00
NSP14	2021-07-10	0.00
NS3	2021-07-10	0.00
NSP15	2021-07-10	0.00
NSP16	2021-07-10	0.00
NS9b	2021-07-10	0.00
NS6	2021-07-10	0.00
NS9c	2021-07-10	0.00
NSP1	2021-07-10	0.00
NSP2	2021-07-10	0.00
NS8	2021-07-10	0.00
NSP3	2021-07-10	0.00
NSP4	2021-07-11	0.00
E	2021-07-11	0.00
NS7a	2021-07-11	0.00
NSP5	2021-07-11	0.00
NS7b	2021-07-11	0.00
NSP6	2021-07-11	0.00
NSP7	2021-07-11	0.00
NSP8	2021-07-11	0.00
Spike	2021-07-11	4.00
NSP9	2021-07-11	0.00
NSP10	2021-07-11	0.00
NSP11	2021-07-11	0.00
NSP12	2021-07-11	0.00
M	2021-07-11	0.00
NSP13	2021-07-11	0.00
N	2021-07-11	0.00
NSP14	2021-07-11	0.00
NS3	2021-07-11	0.00
NSP15	2021-07-11	0.00
NSP16	2021-07-11	0.00
NS9b	2021-07-11	0.00
NS6	2021-07-11	0.00
NS9c	2021-07-11	0.00
NSP1	2021-07-11	0.00
NSP2	2021-07-11	0.00
NS8	2021-07-11	0.00
NSP3	2021-07-11	0.00
NSP4	2021-07-14	0.00
E	2021-07-14	0.00
NS7a	2021-07-14	0.00
NSP5	2021-07-14	0.00
NS7b	2021-07-14	0.00
NSP6	2021-07-14	0.00
NSP7	2021-07-14	0.00
NSP8	2021-07-14	0.00
Spike	2021-07-14	4.50
NSP9	2021-07-14	0.00
NSP10	2021-07-14	0.00
NSP11	2021-07-14	0.00
NSP12	2021-07-14	0.00
M	2021-07-14	0.00
NSP13	2021-07-14	0.00
N	2021-07-14	0.00
NSP14	2021-07-14	0.00
NS3	2021-07-14	0.00
NSP15	2021-07-14	0.00
NSP16	2021-07-14	0.00
NS9b	2021-07-14	0.00
NS6	2021-07-14	0.00
NS9c	2021-07-14	0.00
NSP1	2021-07-14	0.00
NSP2	2021-07-14	0.00
NS8	2021-07-14	0.00
NSP3	2021-07-14	0.00
NSP4	2021-07-18	0.00
E	2021-07-18	0.00
NS7a	2021-07-18	0.00
NSP5	2021-07-18	0.00
NS7b	2021-07-18	0.00
NSP6	2021-07-18	0.00
NSP7	2021-07-18	0.00
NSP8	2021-07-18	0.00
Spike	2021-07-18	4.00
NSP9	2021-07-18	0.00
NSP10	2021-07-18	0.00
NSP11	2021-07-18	0.00
NSP12	2021-07-18	0.00
M	2021-07-18	0.00
NSP13	2021-07-18	0.00
N	2021-07-18	0.00
NSP14	2021-07-18	0.00
NS3	2021-07-18	0.00
NSP15	2021-07-18	0.00
NSP16	2021-07-18	0.00
NS9b	2021-07-18	0.00
NS6	2021-07-18	0.00
NS9c	2021-07-18	0.00
NSP1	2021-07-18	0.00
NSP2	2021-07-18	0.00
NS8	2021-07-18	0.00
NSP3	2021-07-18	0.00
NSP4	2021-07-19	0.00
E	2021-07-19	0.00
NS7a	2021-07-19	0.00
NSP5	2021-07-19	0.00
NS7b	2021-07-19	0.00
NSP6	2021-07-19	0.00
NSP7	2021-07-19	0.00
NSP8	2021-07-19	0.00
Spike	2021-07-19	2.00
NSP9	2021-07-19	0.00
NSP10	2021-07-19	0.00
NSP11	2021-07-19	0.00
NSP12	2021-07-19	0.00
M	2021-07-19	0.00
NSP13	2021-07-19	0.00
N	2021-07-19	0.00
NSP14	2021-07-19	0.00
NS3	2021-07-19	0.00
NSP15	2021-07-19	0.00
NSP16	2021-07-19	0.00
NS9b	2021-07-19	0.00
NS6	2021-07-19	0.00
NS9c	2021-07-19	0.00
NSP1	2021-07-19	0.00
NSP2	2021-07-19	0.00
NS8	2021-07-19	0.00
NSP3	2021-07-19	0.00
NSP4	2021-07-20	0.00
E	2021-07-20	0.00
NS7a	2021-07-20	0.00
NSP5	2021-07-20	0.00
NS7b	2021-07-20	0.00
NSP6	2021-07-20	0.00
NSP7	2021-07-20	0.00
NSP8	2021-07-20	0.00
Spike	2021-07-20	4.00
NSP9	2021-07-20	0.00
NSP10	2021-07-20	0.00
NSP11	2021-07-20	0.00
NSP12	2021-07-20	0.00
M	2021-07-20	0.00
NSP13	2021-07-20	0.00
N	2021-07-20	0.00
NSP14	2021-07-20	0.00
NS3	2021-07-20	0.00
NSP15	2021-07-20	0.00
NSP16	2021-07-20	0.00
NS9b	2021-07-20	0.00
NS6	2021-07-20	0.00
NS9c	2021-07-20	0.00
NSP1	2021-07-20	0.00
NSP2	2021-07-20	0.00
NS8	2021-07-20	0.00
NSP3	2021-07-20	0.00
NSP4	2021-07-21	0.00
E	2021-07-21	0.00
NS7a	2021-07-21	0.00
NSP5	2021-07-21	0.00
NS7b	2021-07-21	0.00
NSP6	2021-07-21	0.00
NSP7	2021-07-21	0.00
NSP8	2021-07-21	0.00
Spike	2021-07-21	4.00
NSP9	2021-07-21	0.00
NSP10	2021-07-21	0.00
NSP11	2021-07-21	0.00
NSP12	2021-07-21	0.00
M	2021-07-21	0.00
NSP13	2021-07-21	0.00
N	2021-07-21	0.00
NSP14	2021-07-21	0.00
NS3	2021-07-21	0.00
NSP15	2021-07-21	0.00
NSP16	2021-07-21	0.00
NS9b	2021-07-21	0.00
NS6	2021-07-21	0.00
NS9c	2021-07-21	0.00
NSP1	2021-07-21	0.00
NSP2	2021-07-21	0.00
NS8	2021-07-21	0.00
NSP3	2021-07-21	0.00
NSP4	2021-07-22	0.00
E	2021-07-22	0.00
NS7a	2021-07-22	0.00
NSP5	2021-07-22	0.00
NS7b	2021-07-22	0.00
NSP6	2021-07-22	0.00
NSP7	2021-07-22	0.00
NSP8	2021-07-22	0.00
Spike	2021-07-22	2.00
NSP9	2021-07-22	0.00
NSP10	2021-07-22	0.00
NSP11	2021-07-22	0.00
NSP12	2021-07-22	0.00
M	2021-07-22	0.00
NSP13	2021-07-22	0.00
N	2021-07-22	0.00
NSP14	2021-07-22	0.00
NS3	2021-07-22	0.00
NSP15	2021-07-22	0.00
NSP16	2021-07-22	0.00
NS9b	2021-07-22	0.00
NS6	2021-07-22	0.00
NS9c	2021-07-22	0.00
NSP1	2021-07-22	0.00
NSP2	2021-07-22	0.00
NS8	2021-07-22	0.00
NSP3	2021-07-22	0.00
NSP4	2021-07-28	0.00
E	2021-07-28	0.00
NS7a	2021-07-28	0.00
NSP5	2021-07-28	0.00
NS7b	2021-07-28	0.00
NSP6	2021-07-28	0.00
NSP7	2021-07-28	0.00
NSP8	2021-07-28	0.00
Spike	2021-07-28	4.00
NSP9	2021-07-28	0.00
NSP10	2021-07-28	0.00
NSP11	2021-07-28	0.00
NSP12	2021-07-28	0.00
M	2021-07-28	0.00
NSP13	2021-07-28	0.00
N	2021-07-28	0.00
NSP14	2021-07-28	0.00
NS3	2021-07-28	0.00
NSP15	2021-07-28	0.00
NSP16	2021-07-28	0.00
NS9b	2021-07-28	0.00
NS6	2021-07-28	0.00
NS9c	2021-07-28	0.00
NSP1	2021-07-28	0.00
NSP2	2021-07-28	0.00
NS8	2021-07-28	0.00
NSP3	2021-07-28	0.00
NSP4	2021-07-29	0.00
E	2021-07-29	0.00
NS7a	2021-07-29	0.00
NSP5	2021-07-29	0.00
NS7b	2021-07-29	0.00
NSP6	2021-07-29	0.00
NSP7	2021-07-29	0.00
NSP8	2021-07-29	0.00
Spike	2021-07-29	4.00
NSP9	2021-07-29	0.00
NSP10	2021-07-29	0.00
NSP11	2021-07-29	0.00
NSP12	2021-07-29	0.00
M	2021-07-29	0.00
NSP13	2021-07-29	0.00
N	2021-07-29	0.00
NSP14	2021-07-29	0.00
NS3	2021-07-29	0.00
NSP15	2021-07-29	0.00
NSP16	2021-07-29	0.00
NS9b	2021-07-29	0.00
NS6	2021-07-29	0.00
NS9c	2021-07-29	0.00
NSP1	2021-07-29	0.00
NSP2	2021-07-29	0.00
NS8	2021-07-29	0.00
NSP3	2021-07-29	0.00
NSP4	2021-07-30	0.00
E	2021-07-30	0.00
NS7a	2021-07-30	0.00
NSP5	2021-07-30	0.00
NS7b	2021-07-30	0.00
NSP6	2021-07-30	0.00
NSP7	2021-07-30	0.00
NSP8	2021-07-30	0.00
Spike	2021-07-30	2.00
NSP9	2021-07-30	0.00
NSP10	2021-07-30	0.00
NSP11	2021-07-30	0.00
NSP12	2021-07-30	0.00
M	2021-07-30	0.00
NSP13	2021-07-30	0.00
N	2021-07-30	0.00
NSP14	2021-07-30	0.00
NS3	2021-07-30	0.00
NSP15	2021-07-30	0.00
NSP16	2021-07-30	0.00
NS9b	2021-07-30	0.00
NS6	2021-07-30	0.00
NS9c	2021-07-30	0.00
NSP1	2021-07-30	0.00
NSP2	2021-07-30	0.00
NS8	2021-07-30	0.00
NSP3	2021-07-30	0.00
NSP4	2021-07-31	0.00
E	2021-07-31	0.00
NS7a	2021-07-31	0.00
NSP5	2021-07-31	0.00
NS7b	2021-07-31	0.00
NSP6	2021-07-31	0.00
NSP7	2021-07-31	0.00
NSP8	2021-07-31	0.00
Spike	2021-07-31	4.00
NSP9	2021-07-31	0.00
NSP10	2021-07-31	0.00
NSP11	2021-07-31	0.00
NSP12	2021-07-31	0.00
M	2021-07-31	0.00
NSP13	2021-07-31	0.00
N	2021-07-31	0.00
NSP14	2021-07-31	0.00
NS3	2021-07-31	0.00
NSP15	2021-07-31	0.00
NSP16	2021-07-31	0.00
NS9b	2021-07-31	0.00
NS6	2021-07-31	0.00
NS9c	2021-07-31	0.00
NSP1	2021-07-31	0.00
NSP2	2021-07-31	0.00
NS8	2021-07-31	0.00
NSP3	2021-07-31	0.00
NSP4	2021-08-01	0.00
E	2021-08-01	0.00
NS7a	2021-08-01	0.00
NSP5	2021-08-01	0.00
NS7b	2021-08-01	0.00
NSP6	2021-08-01	0.00
NSP7	2021-08-01	0.00
NSP8	2021-08-01	0.00
Spike	2021-08-01	4.50
NSP9	2021-08-01	0.00
NSP10	2021-08-01	0.00
NSP11	2021-08-01	0.00
NSP12	2021-08-01	0.00
M	2021-08-01	0.00
NSP13	2021-08-01	0.00
N	2021-08-01	0.00
NSP14	2021-08-01	0.00
NS3	2021-08-01	0.00
NSP15	2021-08-01	0.00
NSP16	2021-08-01	0.00
NS9b	2021-08-01	0.00
NS6	2021-08-01	0.00
NS9c	2021-08-01	0.00
NSP1	2021-08-01	0.00
NSP2	2021-08-01	0.00
NS8	2021-08-01	0.00
NSP3	2021-08-01	0.00
NSP4	2021-08-02	0.00
E	2021-08-02	0.00
NS7a	2021-08-02	0.00
NSP5	2021-08-02	0.00
NS7b	2021-08-02	0.00
NSP6	2021-08-02	0.00
NSP7	2021-08-02	0.00
NSP8	2021-08-02	0.00
Spike	2021-08-02	4.00
NSP9	2021-08-02	0.00
NSP10	2021-08-02	0.00
NSP11	2021-08-02	0.00
NSP12	2021-08-02	0.00
M	2021-08-02	0.00
NSP13	2021-08-02	0.00
N	2021-08-02	0.00
NSP14	2021-08-02	0.00
NS3	2021-08-02	0.00
NSP15	2021-08-02	0.00
NSP16	2021-08-02	0.00
NS9b	2021-08-02	0.00
NS6	2021-08-02	0.00
NS9c	2021-08-02	0.00
NSP1	2021-08-02	0.00
NSP2	2021-08-02	0.00
NS8	2021-08-02	0.00
NSP3	2021-08-02	0.00
NSP4	2021-08-03	0.00
E	2021-08-03	0.00
NS7a	2021-08-03	0.00
NSP5	2021-08-03	0.00
NS7b	2021-08-03	0.00
NSP6	2021-08-03	0.00
NSP7	2021-08-03	0.00
NSP8	2021-08-03	0.00
Spike	2021-08-03	4.00
NSP9	2021-08-03	0.00
NSP10	2021-08-03	0.00
NSP11	2021-08-03	0.00
NSP12	2021-08-03	0.00
M	2021-08-03	0.00
NSP13	2021-08-03	0.00
N	2021-08-03	0.00
NSP14	2021-08-03	0.00
NS3	2021-08-03	0.00
NSP15	2021-08-03	0.00
NSP16	2021-08-03	0.00
NS9b	2021-08-03	0.00
NS6	2021-08-03	0.00
NS9c	2021-08-03	0.00
NSP1	2021-08-03	0.00
NSP2	2021-08-03	0.00
NS8	2021-08-03	0.00
NSP3	2021-08-03	0.00
NSP4	2021-08-04	0.00
E	2021-08-04	0.00
NS7a	2021-08-04	0.00
NSP5	2021-08-04	0.00
NS7b	2021-08-04	0.00
NSP6	2021-08-04	0.00
NSP7	2021-08-04	0.00
NSP8	2021-08-04	0.00
Spike	2021-08-04	4.00
NSP9	2021-08-04	0.00
NSP10	2021-08-04	0.00
NSP11	2021-08-04	0.00
NSP12	2021-08-04	0.00
M	2021-08-04	0.00
NSP13	2021-08-04	0.00
N	2021-08-04	0.00
NSP14	2021-08-04	0.00
NS3	2021-08-04	0.00
NSP15	2021-08-04	0.00
NSP16	2021-08-04	0.00
NS9b	2021-08-04	0.00
NS6	2021-08-04	0.00
NS9c	2021-08-04	0.00
NSP1	2021-08-04	0.00
NSP2	2021-08-04	0.00
NS8	2021-08-04	0.00
NSP3	2021-08-04	0.00
NSP4	2021-08-05	0.00
E	2021-08-05	0.00
NS7a	2021-08-05	0.00
NSP5	2021-08-05	0.00
NS7b	2021-08-05	0.00
NSP6	2021-08-05	0.00
NSP7	2021-08-05	0.00
NSP8	2021-08-05	0.00
Spike	2021-08-05	4.00
NSP9	2021-08-05	0.00
NSP10	2021-08-05	0.00
NSP11	2021-08-05	0.00
NSP12	2021-08-05	0.00
M	2021-08-05	0.00
NSP13	2021-08-05	0.00
N	2021-08-05	0.00
NSP14	2021-08-05	0.00
NS3	2021-08-05	0.00
NSP15	2021-08-05	0.00
NSP16	2021-08-05	0.00
NS9b	2021-08-05	0.00
NS6	2021-08-05	0.00
NS9c	2021-08-05	0.00
NSP1	2021-08-05	0.00
NSP2	2021-08-05	0.00
NS8	2021-08-05	0.00
NSP3	2021-08-05	0.00
NSP4	2021-08-06	0.00
E	2021-08-06	0.00
NS7a	2021-08-06	0.00
NSP5	2021-08-06	0.00
NS7b	2021-08-06	0.00
NSP6	2021-08-06	0.00
NSP7	2021-08-06	0.00
NSP8	2021-08-06	0.00
Spike	2021-08-06	4.00
NSP9	2021-08-06	0.00
NSP10	2021-08-06	0.00
NSP11	2021-08-06	0.00
NSP12	2021-08-06	0.00
M	2021-08-06	0.00
NSP13	2021-08-06	0.00
N	2021-08-06	0.00
NSP14	2021-08-06	0.00
NS3	2021-08-06	0.00
NSP15	2021-08-06	0.00
NSP16	2021-08-06	0.00
NS9b	2021-08-06	0.00
NS6	2021-08-06	0.00
NS9c	2021-08-06	0.00
NSP1	2021-08-06	0.00
NSP2	2021-08-06	0.00
NS8	2021-08-06	0.00
NSP3	2021-08-06	0.00
NSP4	2021-08-07	0.00
E	2021-08-07	0.00
NS7a	2021-08-07	0.00
NSP5	2021-08-07	0.00
NS7b	2021-08-07	0.00
NSP6	2021-08-07	0.00
NSP7	2021-08-07	0.00
NSP8	2021-08-07	0.00
Spike	2021-08-07	4.00
NSP9	2021-08-07	0.00
NSP10	2021-08-07	0.00
NSP11	2021-08-07	0.00
NSP12	2021-08-07	0.00
M	2021-08-07	0.00
NSP13	2021-08-07	0.00
N	2021-08-07	0.00
NSP14	2021-08-07	0.00
NS3	2021-08-07	0.00
NSP15	2021-08-07	0.00
NSP16	2021-08-07	0.00
NS9b	2021-08-07	0.00
NS6	2021-08-07	0.00
NS9c	2021-08-07	0.00
NSP1	2021-08-07	0.00
NSP2	2021-08-07	0.00
NS8	2021-08-07	0.00
NSP3	2021-08-07	0.00
NSP4	2021-08-09	0.00
E	2021-08-09	0.00
NS7a	2021-08-09	0.00
NSP5	2021-08-09	0.00
NS7b	2021-08-09	0.00
NSP6	2021-08-09	0.00
NSP7	2021-08-09	0.00
NSP8	2021-08-09	0.00
Spike	2021-08-09	2.50
NSP9	2021-08-09	0.00
NSP10	2021-08-09	0.00
NSP11	2021-08-09	0.00
NSP12	2021-08-09	0.00
M	2021-08-09	0.00
NSP13	2021-08-09	0.00
N	2021-08-09	0.00
NSP14	2021-08-09	0.00
NS3	2021-08-09	0.00
NSP15	2021-08-09	0.00
NSP16	2021-08-09	0.00
NS9b	2021-08-09	0.00
NS6	2021-08-09	0.00
NS9c	2021-08-09	0.00
NSP1	2021-08-09	0.00
NSP2	2021-08-09	0.00
NS8	2021-08-09	0.00
NSP3	2021-08-09	0.00
NSP4	2021-08-10	0.00
E	2021-08-10	0.00
NS7a	2021-08-10	0.00
NSP5	2021-08-10	0.00
NS7b	2021-08-10	0.00
NSP6	2021-08-10	0.00
NSP7	2021-08-10	0.00
NSP8	2021-08-10	0.00
Spike	2021-08-10	4.00
NSP9	2021-08-10	0.00
NSP10	2021-08-10	0.00
NSP11	2021-08-10	0.00
NSP12	2021-08-10	0.00
M	2021-08-10	0.00
NSP13	2021-08-10	0.00
N	2021-08-10	0.00
NSP14	2021-08-10	0.00
NS3	2021-08-10	0.00
NSP15	2021-08-10	0.00
NSP16	2021-08-10	0.00
NS9b	2021-08-10	0.00
NS6	2021-08-10	0.00
NS9c	2021-08-10	0.00
NSP1	2021-08-10	0.00
NSP2	2021-08-10	0.00
NS8	2021-08-10	0.00
NSP3	2021-08-10	0.00
NSP4	2021-08-13	0.00
E	2021-08-13	0.00
NS7a	2021-08-13	0.00
NSP5	2021-08-13	0.00
NS7b	2021-08-13	0.00
NSP6	2021-08-13	0.00
NSP7	2021-08-13	0.00
NSP8	2021-08-13	0.00
Spike	2021-08-13	4.00
NSP9	2021-08-13	0.00
NSP10	2021-08-13	0.00
NSP11	2021-08-13	0.00
NSP12	2021-08-13	0.00
M	2021-08-13	0.00
NSP13	2021-08-13	0.00
N	2021-08-13	0.00
NSP14	2021-08-13	0.00
NS3	2021-08-13	0.00
NSP15	2021-08-13	0.00
NSP16	2021-08-13	0.00
NS9b	2021-08-13	0.00
NS6	2021-08-13	0.00
NS9c	2021-08-13	0.00
NSP1	2021-08-13	0.00
NSP2	2021-08-13	0.00
NS8	2021-08-13	0.00
NSP3	2021-08-13	0.00
NSP4	2021-08-14	0.00
E	2021-08-14	0.00
NS7a	2021-08-14	0.00
NSP5	2021-08-14	0.00
NS7b	2021-08-14	0.00
NSP6	2021-08-14	0.00
NSP7	2021-08-14	0.00
NSP8	2021-08-14	0.00
Spike	2021-08-14	4.00
NSP9	2021-08-14	0.00
NSP10	2021-08-14	0.00
NSP11	2021-08-14	0.00
NSP12	2021-08-14	0.00
M	2021-08-14	0.00
NSP13	2021-08-14	0.00
N	2021-08-14	0.00
NSP14	2021-08-14	0.00
NS3	2021-08-14	0.00
NSP15	2021-08-14	0.00
NSP16	2021-08-14	0.00
NS9b	2021-08-14	0.00
NS6	2021-08-14	0.00
NS9c	2021-08-14	0.00
NSP1	2021-08-14	0.00
NSP2	2021-08-14	0.00
NS8	2021-08-14	0.00
NSP3	2021-08-14	0.00
NSP4	2021-08-15	0.00
E	2021-08-15	0.00
NS7a	2021-08-15	0.00
NSP5	2021-08-15	0.00
NS7b	2021-08-15	0.00
NSP6	2021-08-15	0.00
NSP7	2021-08-15	0.00
NSP8	2021-08-15	0.00
Spike	2021-08-15	4.00
NSP9	2021-08-15	0.00
NSP10	2021-08-15	0.00
NSP11	2021-08-15	0.00
NSP12	2021-08-15	0.00
M	2021-08-15	0.00
NSP13	2021-08-15	0.00
N	2021-08-15	0.00
NSP14	2021-08-15	0.00
NS3	2021-08-15	0.00
NSP15	2021-08-15	0.00
NSP16	2021-08-15	0.00
NS9b	2021-08-15	0.00
NS6	2021-08-15	0.00
NS9c	2021-08-15	0.00
NSP1	2021-08-15	0.00
NSP2	2021-08-15	0.00
NS8	2021-08-15	0.00
NSP3	2021-08-15	0.00
NSP4	2021-08-16	0.00
E	2021-08-16	0.00
NS7a	2021-08-16	0.00
NSP5	2021-08-16	0.00
NS7b	2021-08-16	0.00
NSP6	2021-08-16	0.00
NSP7	2021-08-16	0.00
NSP8	2021-08-16	0.00
Spike	2021-08-16	4.00
NSP9	2021-08-16	0.00
NSP10	2021-08-16	0.00
NSP11	2021-08-16	0.00
NSP12	2021-08-16	0.00
M	2021-08-16	0.00
NSP13	2021-08-16	0.00
N	2021-08-16	0.00
NSP14	2021-08-16	0.00
NS3	2021-08-16	0.00
NSP15	2021-08-16	0.00
NSP16	2021-08-16	0.00
NS9b	2021-08-16	0.00
NS6	2021-08-16	0.00
NS9c	2021-08-16	0.00
NSP1	2021-08-16	0.00
NSP2	2021-08-16	0.00
NS8	2021-08-16	0.00
NSP3	2021-08-16	0.00
NSP4	2021-08-17	0.00
E	2021-08-17	0.00
NS7a	2021-08-17	0.00
NSP5	2021-08-17	0.00
NS7b	2021-08-17	0.00
NSP6	2021-08-17	0.00
NSP7	2021-08-17	0.00
NSP8	2021-08-17	0.00
Spike	2021-08-17	4.00
NSP9	2021-08-17	0.00
NSP10	2021-08-17	0.00
NSP11	2021-08-17	0.00
NSP12	2021-08-17	0.00
M	2021-08-17	0.00
NSP13	2021-08-17	0.00
N	2021-08-17	0.00
NSP14	2021-08-17	0.00
NS3	2021-08-17	0.00
NSP15	2021-08-17	0.00
NSP16	2021-08-17	0.00
NS9b	2021-08-17	0.00
NS6	2021-08-17	0.00
NS9c	2021-08-17	0.00
NSP1	2021-08-17	0.00
NSP2	2021-08-17	0.00
NS8	2021-08-17	0.00
NSP3	2021-08-17	0.00
NSP4	2021-08-18	0.00
E	2021-08-18	0.00
NS7a	2021-08-18	0.00
NSP5	2021-08-18	0.00
NS7b	2021-08-18	0.00
NSP6	2021-08-18	0.00
NSP7	2021-08-18	0.00
NSP8	2021-08-18	0.00
Spike	2021-08-18	2.00
NSP9	2021-08-18	0.00
NSP10	2021-08-18	0.00
NSP11	2021-08-18	0.00
NSP12	2021-08-18	0.00
M	2021-08-18	0.00
NSP13	2021-08-18	0.00
N	2021-08-18	0.00
NSP14	2021-08-18	0.00
NS3	2021-08-18	0.00
NSP15	2021-08-18	0.00
NSP16	2021-08-18	0.00
NS9b	2021-08-18	0.00
NS6	2021-08-18	0.00
NS9c	2021-08-18	0.00
NSP1	2021-08-18	0.00
NSP2	2021-08-18	0.00
NS8	2021-08-18	0.00
NSP3	2021-08-18	0.00
NSP4	2021-08-19	0.00
E	2021-08-19	0.00
NS7a	2021-08-19	0.00
NSP5	2021-08-19	0.00
NS7b	2021-08-19	0.00
NSP6	2021-08-19	0.00
NSP7	2021-08-19	0.00
NSP8	2021-08-19	0.00
Spike	2021-08-19	2.00
NSP9	2021-08-19	0.00
NSP10	2021-08-19	0.00
NSP11	2021-08-19	0.00
NSP12	2021-08-19	0.00
M	2021-08-19	0.00
NSP13	2021-08-19	0.00
N	2021-08-19	0.00
NSP14	2021-08-19	0.00
NS3	2021-08-19	0.00
NSP15	2021-08-19	0.00
NSP16	2021-08-19	0.00
NS9b	2021-08-19	0.00
NS6	2021-08-19	0.00
NS9c	2021-08-19	0.00
NSP1	2021-08-19	0.00
NSP2	2021-08-19	0.00
NS8	2021-08-19	0.00
NSP3	2021-08-19	0.00
NSP4	2021-08-20	0.00
E	2021-08-20	0.00
NS7a	2021-08-20	0.00
NSP5	2021-08-20	0.00
NS7b	2021-08-20	0.00
NSP6	2021-08-20	0.00
NSP7	2021-08-20	0.00
NSP8	2021-08-20	0.00
Spike	2021-08-20	4.00
NSP9	2021-08-20	0.00
NSP10	2021-08-20	0.00
NSP11	2021-08-20	0.00
NSP12	2021-08-20	0.00
M	2021-08-20	0.00
NSP13	2021-08-20	0.00
N	2021-08-20	0.00
NSP14	2021-08-20	0.00
NS3	2021-08-20	0.00
NSP15	2021-08-20	0.00
NSP16	2021-08-20	0.00
NS9b	2021-08-20	0.00
NS6	2021-08-20	0.00
NS9c	2021-08-20	0.00
NSP1	2021-08-20	0.00
NSP2	2021-08-20	0.00
NS8	2021-08-20	0.00
NSP3	2021-08-20	0.00
NSP4	2021-08-21	0.00
E	2021-08-21	0.00
NS7a	2021-08-21	0.00
NSP5	2021-08-21	0.00
NS7b	2021-08-21	0.00
NSP6	2021-08-21	0.00
NSP7	2021-08-21	0.00
NSP8	2021-08-21	0.00
Spike	2021-08-21	2.00
NSP9	2021-08-21	0.00
NSP10	2021-08-21	0.00
NSP11	2021-08-21	0.00
NSP12	2021-08-21	0.00
M	2021-08-21	0.00
NSP13	2021-08-21	0.00
N	2021-08-21	0.00
NSP14	2021-08-21	0.00
NS3	2021-08-21	0.00
NSP15	2021-08-21	0.00
NSP16	2021-08-21	0.00
NS9b	2021-08-21	0.00
NS6	2021-08-21	0.00
NS9c	2021-08-21	0.00
NSP1	2021-08-21	0.00
NSP2	2021-08-21	0.00
NS8	2021-08-21	0.00
NSP3	2021-08-21	0.00
NSP4	2021-08-22	0.00
E	2021-08-22	0.00
NS7a	2021-08-22	0.00
NSP5	2021-08-22	0.00
NS7b	2021-08-22	0.00
NSP6	2021-08-22	0.00
NSP7	2021-08-22	0.00
NSP8	2021-08-22	0.00
Spike	2021-08-22	2.00
NSP9	2021-08-22	0.00
NSP10	2021-08-22	0.00
NSP11	2021-08-22	0.00
NSP12	2021-08-22	0.00
M	2021-08-22	0.00
NSP13	2021-08-22	0.00
N	2021-08-22	0.00
NSP14	2021-08-22	0.00
NS3	2021-08-22	0.00
NSP15	2021-08-22	0.00
NSP16	2021-08-22	0.00
NS9b	2021-08-22	0.00
NS6	2021-08-22	0.00
NS9c	2021-08-22	0.00
NSP1	2021-08-22	0.00
NSP2	2021-08-22	0.00
NS8	2021-08-22	0.00
NSP3	2021-08-22	0.00
NSP4	2021-08-26	1.00
E	2021-08-26	0.00
NS7a	2021-08-26	1.00
NSP5	2021-08-26	0.00
NS7b	2021-08-26	0.50
NSP6	2021-08-26	0.50
NSP7	2021-08-26	0.00
NSP8	2021-08-26	0.50
Spike	2021-08-26	3.50
NSP9	2021-08-26	0.00
NSP10	2021-08-26	0.00
NSP11	2021-08-26	0.00
NSP12	2021-08-26	1.00
M	2021-08-26	0.50
NSP13	2021-08-26	0.50
N	2021-08-26	2.00
NSP14	2021-08-26	0.50
NS3	2021-08-26	1.00
NSP15	2021-08-26	0.00
NSP16	2021-08-26	0.00
NS9b	2021-08-26	0.00
NS6	2021-08-26	0.00
NS9c	2021-08-26	0.00
NSP1	2021-08-26	0.00
NSP2	2021-08-26	0.00
NS8	2021-08-26	0.00
NSP3	2021-08-26	2.50
NSP4	2021-08-30	2.00
E	2021-08-30	0.00
NS7a	2021-08-30	2.00
NSP5	2021-08-30	0.00
NS7b	2021-08-30	1.00
NSP6	2021-08-30	1.00
NSP7	2021-08-30	0.00
NSP8	2021-08-30	1.00
Spike	2021-08-30	6.00
NSP9	2021-08-30	0.00
NSP10	2021-08-30	0.00
NSP11	2021-08-30	0.00
NSP12	2021-08-30	2.00
M	2021-08-30	1.00
NSP13	2021-08-30	1.00
N	2021-08-30	4.00
NSP14	2021-08-30	1.00
NS3	2021-08-30	1.00
NSP15	2021-08-30	0.00
NSP16	2021-08-30	0.00
NS9b	2021-08-30	0.00
NS6	2021-08-30	0.00
NS9c	2021-08-30	0.00
NSP1	2021-08-30	0.00
NSP2	2021-08-30	1.00
NS8	2021-08-30	0.50
NSP3	2021-08-30	4.50
